"series","episode","baker_first_name","baker_name","baker_age","result","signature_bake","show_stopper","baker_occupation","hometown","technical"
1,1,"Annetha","Annetha Mills",30,"stayed in","Light Jamaican Black Cakewith Strawberries and Cream","Red, White & Blue Chocolate Cake with Cigarellos, Fresh Fruit, and Cream","Midwife","Essex",2
1,1,"David","David Chambers",31,"stayed in","Chocolate Orange Cake","Black Forest Floor Gateauxwith Moulded Chocolate Leaves, Fallen Fruitand Chocolate Mushrooms Moulded from eggs","Entrepreneur","Milton Keynes",3
1,1,"Edd","Edd Kimber",24,"stayed in","Caramel Cinnamon and Banana Cake",NA,"Debt collector for Yorkshire Bank","Bradford",1
1,1,"Jasminder","Jasminder Randhawa",45,"stayed in","Fresh Mango and Passion Fruit Hummingbird Cake",NA,"Assistant Credit Control Manager","Birmingham",NA
1,1,"Jonathan","Jonathan Shepherd",25,"stayed in","Carrot Cake with Lime and Cream Cheese Icing","Three Tiered White and Dark Chocolate with Almond and Cherry","Research Analyst","St Albans",9
1,1,"Lea","Lea Harris",51,"Eliminated","Cranberry and Pistachio Cakewith Orange Flower Water Icing","Raspberries and Cream filled Chocolatewith Chocolate-dipped Fresh Fruit","Retired","Midlothian, Scotland",10
1,1,"Louise","Louise Brimelow",44,"stayed in","Carrot and Orange Cake","Never Fail Chocolate Sponge Cake,with Fresh Fruit, White & Chocolate Cigarello Border","Police Officer","Manchester",NA
1,1,"Mark","Mark Whithers",48,"Eliminated","Sticky Marmalade Tea Loaf","Heart-shaped Chocolate and Beetroot Cake with Store-Bought silver chocolate hearts and chocolate red and white roses.","Bus Driver","South Wales",NA
1,1,"Miranda","Miranda Browne",37,"stayed in","Triple Layered Brownie Meringue Cake
with Raspberry Cream","Three Tiered Chocolate Fudge Cake  with Handmade Chocolate Button Decorations","Food buyer for Marks & Spencer","Midhurst, West Sussex",8
1,1,"Ruth","Ruth Clemens",31,"stayed in","Three Tiered Lemon Drizzle Cakewith Fresh Cream and freshly made Lemon Curd","Classic Chocolate Sponge wrapped in a Chocolate Collartopped with Handmade White and Dark Chocolate Truffles","Retail manager/Housewife","Poynton, Cheshire",NA
1,2,"Annetha","Annetha Mills",30,"Eliminated","Rose Petal Shortbread","Pink Swirl Macarons / Eclairs","Midwife","Essex",7
1,2,"David","David Chambers",31,"stayed in","Cheddar Cheese and Fresh Rosemary Biscuits","Choux Pastry Swans  Chocolate Profiteroles","Entrepreneur","Milton Keynes",8
1,2,"Edd","Edd Kimber",24,"stayed in","Oatmeal Raisin Cookie","Pink Macarons","Debt collector for Yorkshire Bank","Bradford",6
1,2,"Jasminder","Jasminder Randhawa",45,"stayed in","Millionaires' Shortbread","Meringues with Chocolate and Space DustCoffee flavoured Eclairs","Assistant Credit Control Manager","Birmingham",2
1,2,"Jonathan","Jonathan Shepherd",25,"stayed in","Honey and Candied Ginger Cookies","Meringues with Whiskey Cream","Research Analyst","St Albans",1
1,2,"Louise","Louise Brimelow",44,"Eliminated","Stained Glass Window Shortbread","Strawberry, Mint, and Cream Meringues  Chocolate Eclairs / Orange, Yellow and Pink Macarons","Police Officer","Manchester",4
1,2,"Miranda","Miranda Browne",37,"stayed in","Fresh Vanilla Biscuits with Royal Icing","Pistachio Macarons","Food buyer for Marks & Spencer","Midhurst, West Sussex",3
1,2,"Ruth","Ruth Clemens",31,"stayed in","Peanut Shortbread withSalted Peanut Caramel","Almond Macaron with Violet ButtercreamRaspberries and Cream Eclairs","Retail manager/Housewife","Poynton, Cheshire",5
1,3,"David","David Chambers",31,"stayed in","Chilli Bread","Walnut and Seed Roll
Red Berry and Almond Bun","Entrepreneur","Milton Keynes",4
1,3,"Edd","Edd Kimber",24,"stayed in","Olive Bread","Tomato and Mozzarella","Debt collector for Yorkshire Bank","Bradford",1
1,3,"Jasminder","Jasminder Randhawa",45,"stayed in","Focaccia","Mango and Sultana Buns
Pan au Chocolat with Mars Bars
Tutti Frutti Wheel with Jelly Tots","Assistant Credit Control Manager","Birmingham",5
1,3,"Jonathan","Jonathan Shepherd",25,"Eliminated","Anchovy, Sweet Paprika and Oregano Bread","Sticky Lemon Honey Bun
Olive and Anchovy Roll
Sundried Tomatoes and Fresh Herbs Roll
Stilton, Walnut and Apple Roll
Cinnamon and Cardamom Chelsea Bun","Research Analyst","St Albans",6
1,3,"Miranda","Miranda Browne",37,"stayed in","Walnut and Apricot Bread","Lemon Iced Buns
Chocolate and Orange Buns","Food buyer for Marks & Spencer","Midhurst, West Sussex",3
1,3,"Ruth","Ruth Clemens",31,"stayed in","Maple and Pecan Bread","Chocolate and Orange Panettone
Cranberry Bagels","Retail manager/Housewife","Poynton, Cheshire",2
1,4,"David","David Chambers",31,"Eliminated","Pear and Walnut Pudding","Apple and Blackberry Crumble, Rhubarb and Orange Betty, Suet Pear","Entrepreneur","Milton Keynes",5
1,4,"Edd","Edd Kimber",24,"stayed in","Apple and Plum Pudding","Apple and Cinnamon Crumble, Nutella Banana Brioche Bread Pudding, Rhubarb and Strawberry Suet Layer","Debt collector for Yorkshire Bank","Bradford",3
1,4,"Jasminder","Jasminder Randhawa",45,"stayed in","Sticky Toffee Pudding with Tropical Fruit & Toffee Sauce","Bread & Butter Pudding, Treacle Suet Pudding with Fresh Fruit, Apple and Pineapple Crumble","Assistant Credit Control Manager","Birmingham",2
1,4,"Miranda","Miranda Browne",37,"stayed in","Sticky Toffee Pudding","Queen of Puddings, Chocolate Pear Roly Poly, Strawberry and Rhubarb Crumble","Food buyer for Marks & Spencer","Midhurst, West Sussex",1
1,4,"Ruth","Ruth Clemens",31,"stayed in","Peach and Blueberry Boy Bait","Apple & Ginger Crumble, Rhubarb Suet Crust, Cherry Queen of Puddings","Retail manager/Housewife","Poynton, Cheshire",4
1,5,"Edd","Edd Kimber",24,"stayed in","Chicken, Ham, Leek and Tarragon Pie","Almond Sweet Pastry with Ginger and Chocolate  Raspberry Tart / Yorkshire Curd Tart  Chickpea and Salami, Red and Yellow Pepper, Asparagus Gruyere Quiche Canapés","Debt collector for Yorkshire Bank","Bradford",2
1,5,"Jasminder","Jasminder Randhawa",45,"Eliminated","Chicken and Mushroom Pie","Jaggery, Carrot, and Spiced Condensed Milk Tart  Fruit and Custard Tart  Thai Chili Red Onion, Duck in Plum Sauce, Salmon and Prawn Canapés","Assistant Credit Control Manager","Birmingham",4
1,5,"Miranda","Miranda Browne",37,"stayed in","Summery Salmon, Cod and Prawn Fish Pie","Chocolate Pastry filled with Orange Cheesecake  Chocolate Pastry filled with Milk Chocolate Ganche  Strawberry Tart with Red Currant Glaze  Cheesy Crab, Broad Bean and Tomato, Pancetta Risotto Canapés","Food buyer for Marks & Spencer","Midhurst, West Sussex",1
1,5,"Ruth","Ruth Clemens",31,"stayed in","Minced Beef Pie","Raspberry and Dark Chocolate Tart  Creme Patisserie and Cherry Tart  Citrus Curd Tart with Creme Brulee top  Tomato, Asparagus Twirl Canapés","Retail manager/Housewife","Poynton, Cheshire",3
1,6,"Edd","Edd Kimber",24,"Series Winner","Cinnamon and Banana Cake",NA,"Debt collector for Yorkshire Bank","Bradford",NA
1,6,"Miranda","Miranda Browne",37,"Series Runner up","Lemon Cupcake","Eliminated after signature","Food buyer for Marks & Spencer","Midhurst, West Sussex",NA
1,6,"Ruth","Ruth Clemens",31,"Series Runner up","Mint, Ginger and Blackberry Cake",NA,"Retail manager/Housewife","Poynton, Cheshire",NA
2,1,"Ben","Ben Frazer",31,"stayed in","Rhubarb and Custard CupcakesAfter Dinner Cupcakes","Vanilla Sponge with White Chocolate and Raspberry Buttercream","Graphic Designer","Northampton",2
2,1,"Holly","Holly Bell",31,"Star Baker","Cherry Bakewell Inspired CupcakesGinger Cupcakes with Fig Truffle",NA,"Advertising executive","Leicester",1
2,1,"Ian","Ian Vallance",40,"stayed in","Apple and Cinnamon Cupcakes",NA,"Fundraiser for English Heritage","Dunstable, Bedfordshire",10
2,1,"Janet","Janet Basu",63,"stayed in","Raspberry and Cream Cupcakes","Chocolate Marble Cakewith Dark and White Chocolate Truffles","Teacher of Modern Languages","Formby, Liverpool",8
2,1,"Jason","Jason White",19,"stayed in","Lemon Meringue CupcakesApple and Cinnamon Cupcakes",NA,"Civil Engineering Student","Croydon",6
2,1,"Jo","Jo Wheatley",41,"stayed in","Chocolate Orange CupcakesOrange and Cardamom Cupcakes","Chocolate and Strawberry Cake","Housewife","Ongar, Essex",11
2,1,"Keith","Keith Batsford",31,"Eliminated","Earl Grey Cupcakes","Chocolate and Sour Cream Cake","House husband","Arlesey, Bedfordshire",12
2,1,"Mary-Anne","Mary-Anne Boermans",45,"stayed in","Banoffee Cupcakes","Chocolate and Raspberry Opera cake","Housewife","Kidderminster, Worcestershire",4
2,1,"Robert","Robert Billington",25,"stayed in","Blackberry and Vanilla Cupcakeswith Liquorice Frosting","Genoise Layered Mousse Cakewith Chocolate Ganache","Photographer","London",3
2,1,"Simon","Simon Blackwell",31,"stayed in","Guinness and Chocolate Cupcakes","Two-Tiered Chocolate Courgette Cake","Rugby Coach","Norfolk",9
2,1,"Urvashi","Urvashi Roe",40,"stayed in","Cherry Blossom CupcakesJapanese Lime Cupcakes",NA,"Head of Marketing","Enfield, London",7
2,1,"Yasmin","Yasmin Limbert",43,"stayed in","Cardamom and Pomegranate Cupcakes",NA,"Childminder","West Kirby, The Wirral",5
2,2,"Ben","Ben Frazer",31,"stayed in","Chorizo, Pepper and Gruyere Quiche","Lemon Meringue Tarts","Graphic Designer","Northampton",1
2,2,"Holly","Holly Bell",31,"stayed in","Pesto Quiche","Milk Chocolate and Pistachio TartsTrifle Tarts","Advertising executive","Leicester",4
2,2,"Ian","Ian Vallance",40,"stayed in","Stilton, Spinach and New Potato Quichewith Paprika and Walnut Pastry",NA,"Fundraiser for English Heritage","Dunstable, Bedfordshire",2
2,2,"Janet","Janet Basu",63,"stayed in","Quiche Printanière","Red Fruit TartsChocolate and Cherry Tarts","Teacher of Modern Languages","Formby, Liverpool",8
2,2,"Jason","Jason White",19,"Star Baker","Salmon and Pak Choi Quiche","Mint Chocolate Tarts Blueberry Bakewell Tarts","Civil Engineering Student","Croydon",3
2,2,"Jo","Jo Wheatley",41,"stayed in","Caramelised Onion, Gruyere and Thyme Quiche","Raspberry and Mascarpone Tarts with Lemon and Almond PastryHoney and Almond Tarts with Sweetcrust","Housewife","Ongar, Essex",10
2,2,"Mary-Anne","Mary-Anne Boermans",45,"stayed in","Roasted Cauliflower, Cheese andCaramelised Onion Quiche","Butterscotch Brulée Tarts in Pecan PastryApple Rose Tarts","Housewife","Kidderminster, Worcestershire",9
2,2,"Robert","Robert Billington",25,"stayed in","Smoked Bacon and Kale Quiche","Chocolate, Fennel and Ginger TartAlmond, Creme Patissiere and Poached Pear Tart","Photographer","London",5
2,2,"Simon","Simon Blackwell",31,"Eliminated","Smoked Haddock and Watercress Quiche","Passion Fruit and Ricotta TartsSalted Chocolate, Stem Ginger and Mascarpone Cream Tarts","Rugby Coach","Norfolk",11
2,2,"Urvashi","Urvashi Roe",40,"stayed in","Crab, Coriander and Coconut Quiche","Strawberry and Basil TartsElderflower and Honeycomb Tarts","Head of Marketing","Enfield, London",7
2,2,"Yasmin","Yasmin Limbert",43,"stayed in","Smoked Haddock and Watercress Quiche","Chocolate and Orange with Cinnamon-Orange Pastry TartsBlueberry and Hazelnut with Hazelnut Pastry Tarts","Childminder","West Kirby, The Wirral",6
2,3,"Ben","Ben Frazer",31,"stayed in","Walnut, Raisin and Rosemary Loaf",NA,"Graphic Designer","Northampton",3
2,3,"Holly","Holly Bell",31,"stayed in","Picnic Loaf","Stilton and Walnut Rolls","Advertising executive","Leicester",6
2,3,"Ian","Ian Vallance",40,"Eliminated","Courgette, Caerphilly Cheese and Thyme Loaf","Walnut and Raisin RollsCracked Wheat Logs","Fundraiser for English Heritage","Dunstable, Bedfordshire",10
2,3,"Janet","Janet Basu",63,"stayed in","Zupfe Loaf with Gruyère Cheese","Apple and Walnut Granary Rolls Red Onion Cottage Rolls","Teacher of Modern Languages","Formby, Liverpool",8
2,3,"Jason","Jason White",19,"stayed in","Cheese and Onion Tear and Share Loaf",NA,"Civil Engineering Student","Croydon",7
2,3,"Jo","Jo Wheatley",41,"stayed in","Stromboli flavored with Mozzarella, Ham, and Picante Pepper",NA,"Housewife","Ongar, Essex",1
2,3,"Mary-Anne","Mary-Anne Boermans",45,"stayed in","Ploughman's Loaf","Herb and Walnut BreadsChocolate and Chilli Buns","Housewife","Kidderminster, Worcestershire",5
2,3,"Robert","Robert Billington",25,"stayed in","Rye and Coriander Seed Loaf","Blueberry Brioche RollsLemon and Poppy Seed Rolls","Photographer","London",4
2,3,"Urvashi","Urvashi Roe",40,"Eliminated","Salt and Peppercorn Loaf","Chilli and Halloumi RollsLemon and Coriander Mini Loaves","Head of Marketing","Enfield, London",9
2,3,"Yasmin","Yasmin Limbert",43,"Star Baker","Egyptian Dukkah Loaf with Mixed Spices","Pesto Bread
Sweet Coconut Rolls","Childminder","West Kirby, The Wirral",2
2,4,"Ben","Ben Frazer",31,"Eliminated","Stem Ginger Nuts","Chocolate and Almond MacaronsPine Nut MacaronsPistachio Macarons","Graphic Designer","Northampton",5
2,4,"Holly","Holly Bell",31,"Star Baker","Strawberry and Custard Melts","'Chocolate bars of my youth'
(Caramel Macarons, Mint Chocolate Macarons and Chocolate Orange Macarons)","Advertising executive","Leicester",3
2,4,"Janet","Janet Basu",63,"stayed in","Christmas Marzipan Biscuits","Raspberry Macarons
Blackcurrant Macarons
Almond Macarons","Teacher of Modern Languages","Formby, Liverpool",4
2,4,"Jason","Jason White",19,"Star Baker","Lebkuchen","Mocktail Macarons
(Mojito, Cranberry Cooler, and Pina Colada)","Civil Engineering Student","Croydon",1
2,4,"Jo","Jo Wheatley",41,"stayed in","Lavender Biscuits","Blueberry MacaronsCoconut MacaronsStrawberry Macarons","Housewife","Ongar, Essex",8
2,4,"Mary-Anne","Mary-Anne Boermans",45,"stayed in","Melting Moments","Blackcurrant and Mint MacaronsGooseberry and Elderflower MacaronsHazelnut Macarons","Housewife","Kidderminster, Worcestershire",2
2,4,"Robert","Robert Billington",25,"stayed in","Chocolate and Ginger Oat Biscuits","Strawberry and Lime MacaronsLemon MacaronsChocolate and Cardamom Macarons","Photographer","London",7
2,4,"Yasmin","Yasmin Limbert",43,"stayed in","Chocolate Chip and Pistachio Biscotti","Chocolate and Lime MacaronsCoffee and Walnut MacaronsPineapple and Coconut Macarons","Childminder","West Kirby, The Wirral",6
2,5,"Holly","Holly Bell",31,"stayed in","Stilton, Potato and Caramelised Onion Pie","Lime Meringue Pie","Advertising executive","Leicester",4
2,5,"Janet","Janet Basu",63,"Star Baker","Chicken and Chestnut Pie","Rhubarb Meringue Pie","Teacher of Modern Languages","Formby, Liverpool",1
2,5,"Jason","Jason White",19,"Eliminated","Brown Down Chicken Pie","Plum Meringue Pie","Civil Engineering Student","Croydon",7
2,5,"Jo","Jo Wheatley",41,"stayed in","Salmon and Asparagus Pie","Apple and Raspberry Meringue Pie","Housewife","Ongar, Essex",6
2,5,"Mary-Anne","Mary-Anne Boermans",45,"stayed in","Chicken and Bacon Pie","Midnight Meringue","Housewife","Kidderminster, Worcestershire",2
2,5,"Robert","Robert Billington",25,"Eliminated","Chicken and Mushroom Pie","Rhubarb and Custard Meringue Pie","Photographer","London",3
2,5,"Yasmin","Yasmin Limbert",43,"stayed in","Family Fish Pie","Peach and Raspberry Meringue Pie","Childminder","West Kirby, The Wirral",5
2,6,"Holly","Holly Bell",31,"stayed in","Father Christmas' Baked Cheesecake","Hansel and Gretel's Croquembouche","Advertising executive","Leicester",3
2,6,"Janet","Janet Basu",63,"stayed in","Rhubarb and Ginger Baked Cheesecake","Orange and Nougatine Croquembouche","Teacher of Modern Languages","Formby, Liverpool",5
2,6,"Jo","Jo Wheatley",41,"Star Baker","Rum and Raisin Baked Cheesecake","Limoncello and White Chocolate Croquembouche","Housewife","Ongar, Essex",1
2,6,"Mary-Anne","Mary-Anne Boermans",45,"stayed in","Tutti Fruitti Curd Baked Cheesecake","Orange and Praline Croquembouche with Cardamom Caramel","Housewife","Kidderminster, Worcestershire",4
2,6,"Yasmin","Yasmin Limbert",43,"Eliminated","Baked Amaretto Cheesecake","Rose Croquembouche","Childminder","West Kirby, The Wirral",2
2,7,"Holly","Holly Bell",31,"stayed in","White Chocolate, Hazelnut and Raspberry Genoise Mousse Cake","Apricot, Macadamia and White Chocolate PinwheelsAlmond CroissantsApple, Raisin and Cinnamon Plaits","Advertising executive","Leicester",1
2,7,"Janet","Janet Basu",63,"Eliminated","Chocolate Amaretto Mousse Cake","Pain Aux RaisinPlain CroissantPain Au Chocolat","Teacher of Modern Languages","Formby, Liverpool",4
2,7,"Jo","Jo Wheatley",41,"stayed in","Raspberry & Strawberry Mousse Cake","Pain Aux RaisinChocolate TwistsBanana and Raisin Pastries","Housewife","Ongar, Essex",3
2,7,"Mary-Anne","Mary-Anne Boermans",45,"stayed in","Chocolate and Orange Mousse Cake","Raspberry Rose DanishesPraline SpiralsAlsatian Plaited Danishes","Housewife","Kidderminster, Worcestershire",2
2,8,"Holly","Holly Bell",31,"Series Runner up","Banoffee Inspired Mille Feuille","Strawberry and Cream Meringue NestGooseberry and Elderflower 'Bakewell' TartsNeapolitan Ice-Cream Sandwich","Advertising executive","Leicester",2
2,8,"Jo","Jo Wheatley",41,"Series Winner","Raspberry and Blueberry Mille Feuille","Mini Victoria SandwichesRaspberry, White Chocolate and Pistachio Mini MeringuesMini Banoffee Pie with Banana Mousse","Housewife","Ongar, Essex",1
2,8,"Mary-Anne","Mary-Anne Boermans",45,"Series Runner up","Lemon and Ginger Mille Feuille","Fruit Tarts with Elderflower CustardStrawberry and Rhubarb CheesecakesBlack Fruit Meringue with Everlasting Syllabub","Housewife","Kidderminster, Worcestershire",3
3,1,"Brendan","Brendan Lynch",63,"stayed in","Plum, Sour Cherry & Walnut",NA,"Recruitment consultant","Sutton Coldfield",10
3,1,"Cathryn","Cathryn Dresser",27,"stayed in","Apple, Hazelnut and Calvados","Hidden Cupcake Cake","Shop assistant","Pease Pottage, West Sussex",5
3,1,"Danny","Danny Bryden",45,"stayed in","Plum, Ginger & Orange",NA,"Intensive care consultant","Sheffield",7
3,1,"James","James Morton",21,"stayed in","Parsnip, Pear, and Pecan","""Simmer Dim"" Sunset Cake","Medical student","Hillswick, Shetland Islands",2
3,1,"John","John Whaite",22,"stayed in","Toffee Apple, Orange & Cranberry","Hidden Pink Hearts Cake","Law student","Wigan",11
3,1,"Manisha","Manisha Parmar",27,"stayed in","Vanilla, Peach and Raspberry","White Chocolate Cake with a Red Velvet and White Chocolate Mousse Heart","Nursery nurse","Leicester",6
3,1,"Natasha","Natasha Stringer",36,"Eliminated","Pineapple & Passion Fruit","Mother's Day Layered Rose Cake","Midwife","Tamworth, Staffordshire",12
3,1,"Peter","Peter Maloney",43,"stayed in","Pear, Muscat & Chocolate","Jubilee Cake","Sales manager","Windsor, Berkshire",3
3,1,"Ryan","Ryan Chong",38,"stayed in","Kumquat and Orange Polenta","Hidden Flowerbed Mousse Cake","Photographer","Bristol",8
3,1,"Sarah-Jane","Sarah-Jane Willis",28,"stayed in","Pear, Chocolate and Hazelnut","Hidden Crown Cake","Vicar's wife","Bewbush, West Sussex",1
3,1,"Stuart","Stuart Marston-Smith",26,"stayed in","Tomato and Ginger","Lemon and Pistachio Union Flag Cake","PE teacher","Lichfield, Staffordshire",9
3,1,"Victoria","Victoria Chester",50,"Star Baker","Pear and Pecan","Blackbird Pie Cake","CEO of the charity Plantlife","Somerset",4
3,2,"Brendan","Brendan Lynch",63,"stayed in","Middle Eastern Taboon BreadIndian Rotis","Chocolate and Vanilla Bagels
Cumin and Gruyere Bagels","Recruitment consultant","Sutton Coldfield",4
3,2,"Cathryn","Cathryn Dresser",27,"stayed in","Spiced Mango NaanLime, Coriander and Chilli Tortillas","Cranberry and Orange Bagels
Chipotle, Chili, and Smoked Cheddar Bagels","Shop assistant","Pease Pottage, West Sussex",8
3,2,"Danny","Danny Bryden",45,"stayed in","Lime Coriander and Coconut TortillasZaatar Naan with Dukkah",NA,"Intensive care consultant","Sheffield",3
3,2,"James","James Morton",21,"stayed in","Tomato, Garlic, and Parmesan FlatbreadsTattie Scones","Orange, Mint and Chocolate Bagels
'Millers' Sourdough Bagels","Medical student","Hillswick, Shetland Islands",2
3,2,"John","John Whaite",22,"Star Baker","Coriander and Chilli RotisGarlic, Pomegranate and Potato Pitas","Fig, Walnut and Gruyere Bagels
Blueberry and White Chocolate Bagels","Law student","Wigan",1
3,2,"Manisha","Manisha Parmar",27,"stayed in","Indian FlatbreadsItalian Flatbreads",NA,"Nursery nurse","Leicester",6
3,2,"Peter","Peter Maloney",43,"Eliminated","Fennel and Nigella Seed NaanBannock Bread","Rosemary and Sea Salt Bagels
Apple and Cinnamon Bagels","Sales manager","Windsor, Berkshire",11
3,2,"Ryan","Ryan Chong",38,"stayed in","Shanghai Spring Onion FlatbreadsGarlic and Coriander Naan","Cinnamon and Date Bagels
Tarragon and Rosemary Bagels","Photographer","Bristol",5
3,2,"Sarah-Jane","Sarah-Jane Willis",28,"stayed in","Toasted Coconut and Lime RotisOatcakes",NA,"Vicar's wife","Bewbush, West Sussex",10
3,2,"Stuart","Stuart Marston-Smith",26,"stayed in","Bombay BreadChorizo and Spring Onion Naan","Cinnamon and Cranberry Bagels
Tomato and Thyme Bagels","PE teacher","Lichfield, Staffordshire",9
3,2,"Victoria","Victoria Chester",50,"stayed in","Coriander and Lemon NaanGarlic and Parsnip Chapatis","Saffron and Golden Raisin Bagels
Porcini Bagels","CEO of the charity Plantlife","Somerset",7
3,3,"Brendan","Brendan Lynch",63,"stayed in","Apple and Ginger Tarte Tatin","Blackberry, Nectarine and Dragon Fruit Tart","Recruitment consultant","Sutton Coldfield",9
3,3,"Cathryn","Cathryn Dresser",27,"stayed in","Plum, Cherry and Five Spice Tarte Tatin","Raspberry, Pistachio and Lemon Tart","Shop assistant","Pease Pottage, West Sussex",3
3,3,"Danny","Danny Bryden",45,"stayed in","Savoury Pear and Roquefort Tarte Tatin","Pineapple, Coconut and Frangipane Tart","Intensive care consultant","Sheffield",2
3,3,"James","James Morton",21,"Star Baker","Apple and Lavender Tarte Tatin","Rose, Lychee and Raspberry Fruit Tart","Medical student","Hillswick, Shetland Islands",1
3,3,"John","John Whaite",22,"stayed in","Apple and Vanilla Tarte Tatin with Walnut Praline","Berries, Grapes, Pomegranate, and Dragon Fruit Tart","Law student","Wigan",6
3,3,"Manisha","Manisha Parmar",27,"stayed in","Cinnamon, Apple and Pear Tarte Tatin","Rum and Tropical Fruit Tart","Nursery nurse","Leicester",10
3,3,"Ryan","Ryan Chong",38,"stayed in","Spiced Pear Tarte Tatin",NA,"Photographer","Bristol",5
3,3,"Sarah-Jane","Sarah-Jane Willis",28,"stayed in","Caramelised Banana Tarte Tatin","French Apple Tart with Blackberry and Cassis Jam","Vicar's wife","Bewbush, West Sussex",8
3,3,"Stuart","Stuart Marston-Smith",26,"stayed in","Pear and Almond Tarte Tatin","Raspberry Triple Chocolate Layered Tart","PE teacher","Lichfield, Staffordshire",7
3,3,"Victoria","Victoria Chester",50,"Eliminated","Fig, Walnut and Pink Peppercorn Tarte Tatin","Tropical Fruit Tart with Black Pepper Crust","CEO of the charity Plantlife","Somerset",4
3,4,"Brendan","Brendan Lynch",63,"Star Baker","Clementine and Chestnut Torte","Pear, Chocolate and Hazelnut Dacquoise","Recruitment consultant","Sutton Coldfield",1
3,4,"Cathryn","Cathryn Dresser",27,"stayed in","White Chocolate, Macadamia and Coffee Torte","Gooseberry, Almond and Honey Meringue","Shop assistant","Pease Pottage, West Sussex",3
3,4,"Danny","Danny Bryden",45,"stayed in","Blackberry, White Chocolate, Lemon and Elderflower Torte","'Monte Bianco' Chestnut, Chocolate and Coffee Dacquoise","Intensive care consultant","Sheffield",2
3,4,"James","James Morton",21,"stayed in","Hazelnut, Chocolate and Passionfruit Torte","Fig, Chestnut, Cherry and Chocolate Layered Meringue","Medical student","Hillswick, Shetland Islands",5
3,4,"John","John Whaite",22,"stayed in","'Torte Noir' Black Forest Torte with Boozy Cream","Elderflower and Bramble Berry Pavlova","Law student","Wigan",6
3,4,"Manisha","Manisha Parmar",27,"stayed in","Almond, Chocolate and Cherry Torte","Tiramisu Layered Meringue Dessert","Nursery nurse","Leicester",9
3,4,"Ryan","Ryan Chong",38,"stayed in","Green Tea Opera Torte","Strawberry, Rose and Pistachio Meringue","Photographer","Bristol",7
3,4,"Sarah-Jane","Sarah-Jane Willis",28,"stayed in","Chocolate and Almond Truffle Torte","Hazelnut Tiramisu Layered Meringue","Vicar's wife","Bewbush, West Sussex",4
3,4,"Stuart","Stuart Marston-Smith",26,"Eliminated","Black Forest Torte","Choca Blocka Mocha Meringue","PE teacher","Lichfield, Staffordshire",8
3,5,"Brendan","Brendan Lynch",63,"stayed in","Salmon Coulibiac in a Scandinavian Pastry","All American Chiffon Pie","Recruitment consultant","Sutton Coldfield",3
3,5,"Cathryn","Cathryn Dresser",27,"stayed in","Full English Wellington","Chocolate and Peanut Butter Pumpkin Pie","Shop assistant","Pease Pottage, West Sussex",1
3,5,"Danny","Danny Bryden",45,"stayed in","Chickpea, Spinach & Mushroom Wellington","Trick or Treat Pumpkin Pie","Intensive care consultant","Sheffield",7
3,5,"James","James Morton",21,"stayed in","Four Pig Wellington","Sweet Potato Pie","Medical student","Hillswick, Shetland Islands",6
3,5,"John","John Whaite",22,"stayed in","Venison and Haggis Wellington","Star-Spangled Pecan Pie","Law student","Wigan",2
3,5,"Manisha","Manisha Parmar",27,"Eliminated","Lamb Wellington with Rosemary and Mint","Banana Scotch Pie","Nursery nurse","Leicester",5
3,5,"Ryan","Ryan Chong",38,"Star Baker","Curry Spiced Seabass Wellington","Key Lime Pie","Photographer","Bristol",8
3,5,"Sarah-Jane","Sarah-Jane Willis",28,"stayed in","Beef Wellington with Parma Ham and Gorgonzola Cheese","Chocolate and Banana Cream Pie","Vicar's wife","Bewbush, West Sussex",4
3,6,"Brendan","Brendan Lynch",63,"Star Baker","Rhubarb, Strawberry and Ginger Puddings
Sticky Toffee Puddings","Spinach, Cheese and Walnut Strudel","Recruitment consultant","Sutton Coldfield",1
3,6,"Cathryn","Cathryn Dresser",27,"stayed in","Chocolate Walnut Whip Puddings
Elderflower Sponges","Roasted Vegetable Couscous and Sheep Cheese Strudel","Shop assistant","Pease Pottage, West Sussex",3
3,6,"Danny","Danny Bryden",45,"stayed in","Banoffee Puddings with Walnut Butterscotch SauceJubilee Chocolate Fondants","Leek, Potato, Pistachio and Gruyère Strudel","Intensive care consultant","Sheffield",2
3,6,"James","James Morton",21,"stayed in","Banana and Clove PuddingsClootie Dumplings","Strawberry, Rhubarb and Ginger Strudel","Medical student","Hillswick, Shetland Islands",7
3,6,"John","John Whaite",22,"stayed in","Spicy Toffee PuddingsRaspberry and White Chocolate Puddings","Did not complete due to injury","Law student","Wigan",5
3,6,"Ryan","Ryan Chong",38,"stayed in","Chocolate FondantsSticky Ginger and Date Puddings","Apple, Sour Cherry, Raisin and Mixed Nuts Strudel","Photographer","Bristol",6
3,6,"Sarah-Jane","Sarah-Jane Willis",28,"stayed in","Sticky Toffee PuddingsGranny's Saucy Lemon Puddings","Sweet Strudel with Sour Cherries","Vicar's wife","Bewbush, West Sussex",4
3,7,"Brendan","Brendan Lynch",63,"stayed in","Chelsea Bunskis","Black Forest Christmas Stollen","Recruitment consultant","Sutton Coldfield",4
3,7,"Cathryn","Cathryn Dresser",27,"stayed in","Lady Arundel's Manchet Buns","Bonfire Night Tear 'n' Share Brioche","Shop assistant","Pease Pottage, West Sussex",5
3,7,"Danny","Danny Bryden",45,"Star Baker","Bakewell Chelsea Buns","European Christmas Wreath","Intensive care consultant","Sheffield",2
3,7,"James","James Morton",21,"stayed in","Easter Chelsea Buns","Whisky Kugelhopf-Brioche Baba","Medical student","Hillswick, Shetland Islands",1
3,7,"John","John Whaite",22,"stayed in","Cherry and Almond Saffron Buns","Marzipan Stollen","Law student","Wigan",3
3,7,"Ryan","Ryan Chong",38,"Eliminated","Lardy Cakes","Char Siu Bao","Photographer","Bristol",6
3,7,"Sarah-Jane","Sarah-Jane Willis",28,"Eliminated","Orange, Nutmeg and Saffron Buns","Sour Cherry and Dark Chocolate Christmas Plait","Vicar's wife","Bewbush, West Sussex",7
3,8,"Brendan","Brendan Lynch",63,"stayed in","Multi-Seed Savoury Crackers","Fantasy Gingerbread Bird House","Recruitment consultant","Sutton Coldfield",2
3,8,"Cathryn","Cathryn Dresser",27,"Eliminated","Cheese and Pickle Crackers","Gingerbread Buckingham Palace","Shop assistant","Pease Pottage, West Sussex",5
3,8,"Danny","Danny Bryden",45,"stayed in","Spiced Almond Drinks Crackers","Gingerbread Big Ben","Intensive care consultant","Sheffield",4
3,8,"James","James Morton",21,"Star Baker","Smoky Cayenne, Cumin and Chilli Crackers","Gingerbread Barn","Medical student","Hillswick, Shetland Islands",1
3,8,"John","John Whaite",22,"stayed in","Asian Spice Crackers","Gingerbread Roman Coliseum","Law student","Wigan",3
3,9,"Brendan","Brendan Lynch",63,"stayed in","Coffee Meringue and Hazelnut CreamsApricot and Pistachio FriandsLime Curd Choux Pastry Cygnets","Gateau St. Honoré","Recruitment consultant","Sutton Coldfield",3
3,9,"Danny","Danny Bryden",45,"Eliminated","Blackberry and Peppermint MacaroonsMiniature Raspberry and Basil FinanciersOrange and White Chocolate Langues de Chat","Rosewater and Lychee St. Honoré","Intensive care consultant","Sheffield",4
3,9,"James","James Morton",21,"Star Baker","Lemon and Rhubarb TartletsChocolate Indulgence Petits FoursChilli, Lime and Raspberry Macaroons","Coffee, Caramel and Hazelnut Paris-Brest","Medical student","Hillswick, Shetland Islands",1
3,9,"John","John Whaite",22,"stayed in","Lemon MadeleinesWhite Chocolate and Raspberry TartletsDark Chocolate and Cherry Macaroons","Gateau St. Honoré a la Passion","Law student","Wigan",2
3,10,"Brendan","Brendan Lynch",63,"Series Runner up","Potato and Pepper Pithivier","Family Reunion Chiffon Cake","Recruitment consultant","Sutton Coldfield",2
3,10,"James","James Morton",21,"Series Runner up","Spanish Pithivier with Chorizo and Red Pepper","United Chiffon Cakes","Medical student","Hillswick, Shetland Islands",1
3,10,"John","John Whaite",22,"Series Winner","Italian Sausage and Roasted Vegetable Pithivier","Heaven and Hell Chiffon Cake","Law student","Wigan",2
4,1,"Ali","Ali Imdad",25,"stayed in","Rose and Pistachio Cake","Chocolate, Raspberry and Passion Fruit Engagement Cake","Charity worker","Saltley, Birmingham",11
4,1,"Beca","Beca Lyne-Pirkis",31,"stayed in","Grapefruit Sandwich Cake","Chocolate Cherry Indulgence","Military Wives' Choir Singer","Aldershot, Hampshire",8
4,1,"Christine","Christine Wallace",66,"stayed in","Strawberry, Vanilla and Rosewater Summer Basket","Chocolate and Orange 'Fripperous' Hat Cake","Director of an engraving company","Didcot, Oxfordshire",3
4,1,"Deborah","Deborah Manger",51,"stayed in","Pineapple Cake","'Coffee Time'","Dentist","Peterborough",9
4,1,"Frances","Frances Quinn",31,"stayed in","Giant Jam Sandwich","Secret Squirrel Cake","Children's Clothes Designer","Market Harborough, Leicestershire",7
4,1,"Glenn","Glenn Cosby",37,"stayed in","Strawberries and Cream Cake","Almond and Espresso Chocolate Cake","English Teacher","Teignmouth, Devon",4
4,1,"Howard","Howard Middleton",51,"stayed in","Passion Fruit and Coconut Cake","Black Forest Revisited","Council Worker","Sheffield",6
4,1,"Kimberley","Kimberley Wilson",30,"stayed in","Blood Orange Cake","Chocolate, Raspberry & Basil Layer Cake","Psychologist","London",10
4,1,"Lucy","Lucy Bellamy",38,"stayed in","Timperley Early Cake","Thyme 'Wildwood' Cake","Horticulturist","Grimsby, Lincolnshire",2
4,1,"Mark","Mark Onley",37,"stayed in","Lemon and Poppy Seed Cake","Chocolate Monster","Carpenter and Kitchen Fitter","Milton Keynes",5
4,1,"Robert","Robert Smart",54,"Star Baker","Pecan and Apple Cake","Raspberry Chocolate Cake","Space Satellite Designer","Melbourn, Cambridgeshire",1
4,1,"Ruby","Ruby Tandoh",20,"stayed in","Rhubarb and Custard Sandwich Cake","Chocolate and Ginger Night Sky Cake","History of Art and Philosophy Student","Southend, Essex",12
4,1,"Toby","Toby Waterworth",30,"Eliminated","Spiced and Iced Carrot Cake","Two Tiered Chocolate Cake","Web Programmer","Reading, Berkshire",13
4,2,"Ali","Ali Imdad",25,"stayed in","Italian Grissini","Sweet and Savoury Yin Yang Bread","Charity worker","Saltley, Birmingham",9
4,2,"Beca","Beca Lyne-Pirkis",31,"stayed in","Fennel and Chilli Breadsticks","Five Strand Christmas Wreath","Military Wives' Choir Singer","Aldershot, Hampshire",11
4,2,"Christine","Christine Wallace",66,"stayed in","Mediterranean Breadsticks with Oregano","Double Plaited Loaf","Director of an engraving company","Didcot, Oxfordshire",4
4,2,"Deborah","Deborah Manger",51,"stayed in","Fennel & Chilli Breadsticks","Walnut Fleur Loaf","Dentist","Peterborough",8
4,2,"Frances","Frances Quinn",31,"stayed in","Giant Matchsticks","Sailor's Knot","Children's Clothes Designer","Market Harborough, Leicestershire",2
4,2,"Glenn","Glenn Cosby",37,"stayed in","Rosemary and Parmesan Grissini","Harvest Crown","English Teacher","Teignmouth, Devon",7
4,2,"Howard","Howard Middleton",51,"stayed in","Moroccan Breadsticks","Picasso Sun Bread","Council Worker","Sheffield",10
4,2,"Kimberley","Kimberley Wilson",30,"stayed in","Nigella Seed and Parmesan Breadsticks","Peace Bread","Psychologist","London",1
4,2,"Lucy","Lucy Bellamy",38,"Eliminated","Grissini with Salt","Roast Tomato Bread","Horticulturist","Grimsby, Lincolnshire",12
4,2,"Mark","Mark Onley",37,"stayed in","Rosemary & Raisin Breadsticks","Sage & Garlic Plait","Carpenter and Kitchen Fitter","Milton Keynes",6
4,2,"Robert","Robert Smart",54,"stayed in","Twisty Rye Bread Sticks","Tribute Loaf","Space Satellite Designer","Melbourn, Cambridgeshire",5
4,2,"Ruby","Ruby Tandoh",20,"Star Baker","Mexican Breadsticks","White Chocolate and Orange Peacock Bread","History of Art and Philosophy Student","Southend, Essex",3
4,3,"Ali","Ali Imdad",25,"stayed in","Coconut, Raspberry and Lemon Meringue Trifle","Vanilla Latte Mini CakesLime & Mint Shortbread Pops","Charity worker","Saltley, Birmingham",5
4,3,"Beca","Beca Lyne-Pirkis",31,"stayed in","Orange and Ginger Trifle","Limoncello and Blueberry BurstsMillionaire Shortbread","Military Wives' Choir Singer","Aldershot, Hampshire",10
4,3,"Christine","Christine Wallace",66,"Star Baker","Caribbean Pina Colada Trifle","Ninety-NinersSachertorte Parcels","Director of an engraving company","Didcot, Oxfordshire",4
4,3,"Deborah","Deborah Manger",51,"Eliminated","Tropical Trifle*","Canelé Cherry and Chocolate CakesRose Cookies","Dentist","Peterborough",9
4,3,"Frances","Frances Quinn",31,"stayed in","Apple and Blackberry Crumble Trifle","'Ballet Bites' Ginger NutcrackersSugar Plum Fairy Cakes","Children's Clothes Designer","Market Harborough, Leicestershire",8
4,3,"Glenn","Glenn Cosby",37,"stayed in","Raspberry and Almond Trifle","Billionaire BouchéesOrange Financiers","English Teacher","Teignmouth, Devon",1
4,3,"Howard","Howard Middleton",51,"stayed in","Caramel and Apple Trifle*","Black Coffee and Cardamom CakesWhite Stilton and Pear Biscuits","Council Worker","Sheffield",7
4,3,"Kimberley","Kimberley Wilson",30,"stayed in","Peach, Almond and Ginger Trifle","Chocolate Pistachio FinanciersLemon Bergamot Biscuits","Psychologist","London",6
4,3,"Mark","Mark Onley",37,"Eliminated","Ginger, Mango and Passion Fruit Trifle","Rose and Pistachio MacaroonsChocolate and Raspberry Bites","Carpenter and Kitchen Fitter","Milton Keynes",11
4,3,"Robert","Robert Smart",54,"stayed in","Rhubarb and Orange Trifle","Almond FriandsTurǫn Macaroons","Space Satellite Designer","Melbourn, Cambridgeshire",2
4,3,"Ruby","Ruby Tandoh",20,"stayed in","Desert Island Trifle","Lemon Shortbread and White Chocolate SeashellsBlackberry and Chocolate Layer Cakes","History of Art and Philosophy Student","Southend, Essex",3
4,4,"Ali","Ali Imdad",25,"Eliminated","Apple and Ginger Pie with a Pecan and Walnut Shortcrust Pastry","Orange, Cardamom and Date M'Hanncha","Charity worker","Saltley, Birmingham",8
4,4,"Beca","Beca Lyne-Pirkis",31,"stayed in","Mamgu's Cherry-Apple Tart","Moroccan Vegetable Filo Feast","Military Wives' Choir Singer","Aldershot, Hampshire",2
4,4,"Christine","Christine Wallace",66,"stayed in","Granny Rogers' Apple, Plum & Cinnamon Country Pie","Roasted Vegetable Filo Pie with Feta Cheese","Director of an engraving company","Didcot, Oxfordshire",7
4,4,"Frances","Frances Quinn",31,"stayed in","Peach Pie In the Sky","Cherry Tree Baklava Filo Pie","Children's Clothes Designer","Market Harborough, Leicestershire",1
4,4,"Glenn","Glenn Cosby",37,"stayed in","Apple & Maple Syrup Pie","Spanakopita (Walnut and Feta Cheese)","English Teacher","Teignmouth, Devon",9
4,4,"Howard","Howard Middleton",51,"stayed in","Apple Pie with Sage Pastry","Fresh Fig and Feta Filo Flan","Council Worker","Sheffield",5
4,4,"Kimberley","Kimberley Wilson",30,"Star Baker","Pecan and Rosemary Caramel Apple Pie","Chicken, Bacon and Butternut Squash Pie","Psychologist","London",4
4,4,"Robert","Robert Smart",54,"stayed in","Apple and Pear Pie with Thyme","Spanakopita with St George's Mushrooms","Space Satellite Designer","Melbourn, Cambridgeshire",3
4,4,"Ruby","Ruby Tandoh",20,"stayed in","Apple and Marzipan Pie","Rose, Almond and Raspberry Filo Pie","History of Art and Philosophy Student","Southend, Essex",6
4,5,"Beca","Beca Lyne-Pirkis",31,"stayed in","Chocolate, Cherry and Hazelnut Brownies","Tiered Macaron and Sugar Dough Biscuit Centrepiece","Military Wives' Choir Singer","Aldershot, Hampshire",5
4,5,"Christine","Christine Wallace",66,"Star Baker","Mixed Berry and Almond Crumble Traybake","Shortbread Bavarian Clock Tower","Director of an engraving company","Didcot, Oxfordshire",1
4,5,"Frances","Frances Quinn",31,"stayed in","Millionaire Banoffee Bonus","Biscuit Buttons and Beads","Children's Clothes Designer","Market Harborough, Leicestershire",3
4,5,"Glenn","Glenn Cosby",37,"stayed in","Apricot and Pistachio Tiffin","Shortbread and Macaron Helter-Skelter","English Teacher","Teignmouth, Devon",2
4,5,"Howard","Howard Middleton",51,"stayed in","Breakfast Traybake","Japanese Pagoda Tea Tower","Council Worker","Sheffield",8
4,5,"Kimberley","Kimberley Wilson",30,"stayed in","Cherry and Almond Bakewell Florentine Slice","Black and White Viennese Biscuit Stack","Psychologist","London",7
4,5,"Robert","Robert Smart",54,"Eliminated","Blueberry & Orange Traybake","Dalek","Space Satellite Designer","Melbourn, Cambridgeshire",4
4,5,"Ruby","Ruby Tandoh",20,"stayed in","Blackberry and Lemon Bakewell Slice","'Dropped Ice-Cream' Biscuit Centrepiece","History of Art and Philosophy Student","Southend, Essex",6
4,6,"Beca","Beca Lyne-Pirkis",31,"stayed in","Bara Brith","Chocolate and Rum-Soaked Prune BriochesCardamom Spiced Lemon Iced Buns","Military Wives' Choir Singer","Aldershot, Hampshire",6
4,6,"Christine","Christine Wallace",66,"stayed in","Oxford Nutty Fruit Loaf","Schnecken BunsVanilla Custard Skolebrød","Director of an engraving company","Didcot, Oxfordshire",4
4,6,"Frances","Frances Quinn",31,"stayed in","Chai Tea Loaf","Hot Cross BriochesRhubarb and Custard Kolaches","Children's Clothes Designer","Market Harborough, Leicestershire",2
4,6,"Glenn","Glenn Cosby",37,"stayed in","Devonshire Panettone","Almond and Apricot BriochesSticky Caramel Kanelbullen","English Teacher","Teignmouth, Devon",5
4,6,"Howard","Howard Middleton",51,"Eliminated","Date & Hemp Yorkshire Loaf","Peachy BunsGerman Baumschnecken","Council Worker","Sheffield",7
4,6,"Kimberley","Kimberley Wilson",30,"stayed in","Chai Spiced Ginger and Date Tea Loaf","Double Chocolate and Hazelnut BriochesDanish Kanelsnurrer","Psychologist","London",3
4,6,"Ruby","Ruby Tandoh",20,"Star Baker","Citrus Tea Loaf","Twisted Swedish KanelbullarSaffron St. Lucia Buns","History of Art and Philosophy Student","Southend, Essex",1
4,7,"Beca","Beca Lyne-Pirkis",31,"stayed in","Spring Lamb and Vegetable Suet Puddingwith Redcurrant Gravy","Nectarine and Frangipane SquaresChocolate and Hazelnut Vol-au-ventsStrawberries and Cream Mille-feuille","Military Wives' Choir Singer","Aldershot, Hampshire",1
4,7,"Christine","Christine Wallace",66,"stayed in","Spotted Dick 'With a Kick'and Vanilla Custard Ice Cream","Eccles CakesFresh Fruit BasketsLemon Cream Eton Mess Mille-feuille","Director of an engraving company","Didcot, Oxfordshire",6
4,7,"Frances","Frances Quinn",31,"Star Baker","Figgy Roll-y Poly Puddingwith Caramelised Walnut and Honey Ice-Cream","French Framboise Cream HornsSheet Music Mille-feuilleBass Clef Palmiers","Children's Clothes Designer","Market Harborough, Leicestershire",5
4,7,"Glenn","Glenn Cosby",37,"Eliminated","Prune and Armagnac Puddingwith Boozy Butterscotch Sauce","Caramelised Apple and Marzipan TartletsChocolate Elephant EarsPassion Fruit Mille-feuille","English Teacher","Teignmouth, Devon",3
4,7,"Kimberley","Kimberley Wilson",30,"stayed in","Barberry and Apple Spotted Dickwith Maple Syrup and White Chocolate Custard","Pear, Malt and Butterscotch Mille-feuilleBlackberry and Lemon Verbena Crème Brûle Custard TartsFig, Orange and Thyme Galette","Psychologist","London",4
4,7,"Ruby","Ruby Tandoh",20,"stayed in","Plum Jam Roly-Polywith Ginger Ice cream","Raspberry and Passion Fruit Mille-feuilleCaramelised Apple LatticePortuguese Custard Tarts","History of Art and Philosophy Student","Southend, Essex",2
4,8,"Beca","Beca Lyne-Pirkis",31,"stayed in","Potato, Spelt and Rosemary Focaccia","Spiced Butternut Squash and Pecan 'Cheese' Cake","Military Wives' Choir Singer","Aldershot, Hampshire",4
4,8,"Christine","Christine Wallace",66,"Eliminated","Multi-Seeded Loaf with Pumpkin, Sesame and Sunflower Seeds","Sweet Potato Guitar with Passion Fruit Icing and Marshmallow Fondant","Director of an engraving company","Didcot, Oxfordshire",5
4,8,"Frances","Frances Quinn",31,"stayed in","'Chelsea Flour Show' Bun Bouquet","Hidden Carrot Cake (Ground Praline, Beetroot and Walnut)","Children's Clothes Designer","Market Harborough, Leicestershire",3
4,8,"Kimberley","Kimberley Wilson",30,"stayed in","Wild Garlic Pesto and Parma Ham Spelt Loaf","Butternut Squash and Spice Cake Toadstool House","Psychologist","London",2
4,8,"Ruby","Ruby Tandoh",20,"Star Baker","Mango and Nigella Seed Spelt Cob","Carrot Cake and Pistachio Garden Plot","History of Art and Philosophy Student","Southend, Essex",1
4,9,"Beca","Beca Lyne-Pirkis",31,"Eliminated","Stilton and Walnut MacaronsBeetroot and Salmon Choux PuffsWelsh Rarebit Tartlets","Banoffee Opera Cake","Military Wives' Choir Singer","Aldershot, Hampshire",3
4,9,"Frances","Frances Quinn",31,"stayed in","Legume Canapés:
Chantenay CarrotsChoux Pastry TomatoesCauliflower Cheese Scones","Great British Soap Opera Cake","Children's Clothes Designer","Market Harborough, Leicestershire",2
4,9,"Kimberley","Kimberley Wilson",30,"Star Baker","Pea Purée TartsCrab and Wasabi ProfiterolesSteamed Buns with Barbecue Chicken","Passion Fruit and Lime Opera Cake","Psychologist","London",1
4,9,"Ruby","Ruby Tandoh",20,"stayed in","Beetroot Jelly on Poppy Seed BiscuitsSpinach, Parmesan and Egg TartletsChoux Buns with Goat's Cheese and Caramelised Onions","Chocolate, Almond Praline and Saffron Opera Cake","History of Art and Philosophy Student","Southend, Essex",4
4,10,"Frances","Frances Quinn",31,"Series Winner","Rainbow Picnic Pie","Midsummer Night's Dream Wedding Cake","Children's Clothes Designer","Market Harborough, Leicestershire",3
4,10,"Kimberley","Kimberley Wilson",30,"Series Runner up","Chicken and Pig Pie","Languages of Love Wedding Cake","Psychologist","London",1
4,10,"Ruby","Ruby Tandoh",20,"Series Runner up","Picnic Basket Pie","Raspberry, Lemon and Passion Fruit Wedding Cake","History of Art and Philosophy Student","Southend, Essex",2
5,1,"Chetna","Chetna Makan",35,"stayed in","Cardamom, Pistachio and Coffee Swiss Roll","Tiered Victoria Sponges with Lemon Curd and Raspberry Cream","Fashion Designer","Broadstairs, Kent",3
5,1,"Claire","Claire Goodwin",31,"Eliminated","Chocolatey Orangey Swirly Roll","Mini Chocolate and Cherry Cakes","Speech Therapist","Ashton upon Mersey, Trafford",8
5,1,"Diana","Diana Beard",69,"stayed in","Mum's Sunday Tea Lemon Curd Swiss Roll","Chocolate Ganache Surprises","Women's Institute (WI) Judge","Alkington, Shropshire",5
5,1,"Enwezor","Enwezor Nzegwu",39,"stayed in","Raspberry and Lemon Swiss Roll","Coffee and Walnut Battenberg Squares","Business Consultant","Portsmouth, Hampshire",9
5,1,"Iain","Iain Watters",31,"stayed in","Apricot and Basil Swiss Roll with Mascarpone and White Chocolate Cream","Lemon Drizzle Cakes with Mascarpone Filling, Drizzled Icing, and Candied Lemon","Construction Engineer","London/Belfast",4
5,1,"Jordan","Jordan Cox",32,"stayed in","Kawaii Frasier Swiss Roll","Lemon Drizzle Cakes with Blueberry and Lemon Curd","IT Manager","Sneinton, Nottingham",12
5,1,"Kate","Kate Henry",41,"stayed in","Red Velvet and White Chocolate Swiss Roll","Mini Tiered Victoria Sponges","Furniture Restorer","Brighton, East Sussex",6
5,1,"Luis","Luis Troyano",42,"stayed in","Spanish Swiss Roll","Raspberry and Lemon Genoise Slices with Lemon Drizzles","Graphic Designer","Poynton, Cheshire",7
5,1,"Martha","Martha Collison",17,"stayed in","Tiramisu Swiss Roll","Mini Lemon and Thyme Drizzle Cakes","Student","Ascot, Berkshire",2
5,1,"Nancy","Nancy Birtwhistle",60,"Star Baker","Coffee and Hazelnut Swiss Roll","Jaffa Orange Cakes","Retired Practice Manager","Barton-upon-Humber, Lincolnshire",1
5,1,"Norman","Norman Calder",66,"stayed in","Black Forest Swiss Roll","Almond and Raspberry Mini Cakes","Retired Naval Officer","Portknockie, Moray",11
5,1,"Richard","Richard Burr",38,"stayed in","Pistachio and Strawberry Swiss Roll","Miniature Coffee & Walnut Cakes","Builder","Mill Hill, London",10
5,2,"Chetna","Chetna Makan",35,"stayed in","Fenugreek and Carom Crackers","Day On The Beach","Fashion Designer","Broadstairs, Kent",8
5,2,"Diana","Diana Beard",69,"stayed in","Parmesan Triangles","Express, First Class","Women's Institute (WI) Judge","Alkington, Shropshire",7
5,2,"Enwezor","Enwezor Nzegwu",39,"Eliminated","Pumpkin and Sunflower Savoury Biscuits","Space Adventure Moon Scene","Business Consultant","Portsmouth, Hampshire",9
5,2,"Iain","Iain Watters",31,"stayed in","Za'atar and Fig Biscuits","Wild West Scene","Construction Engineer","London/Belfast",11
5,2,"Jordan","Jordan Cox",32,"stayed in","Sourdough, Parmesan and Chilli Biscuits","Monster Attack","IT Manager","Sneinton, Nottingham",6
5,2,"Kate","Kate Henry",41,"stayed in","Parmesan and Apple Biscuits","Tea Time","Furniture Restorer","Brighton, East Sussex",4
5,2,"Luis","Luis Troyano",42,"stayed in","Black Olive and Rosemary Biscuits with Caramelised Onion Glaze","George Versus The Dragon","Graphic Designer","Poynton, Cheshire",3
5,2,"Martha","Martha Collison",17,"stayed in","Caramelised Onion and Goat's Cheese Sandwich Biscuits","Ski Village Scene","Student","Ascot, Berkshire",5
5,2,"Nancy","Nancy Birtwhistle",60,"stayed in","Fennel and Rye Thins","Hansel and Gretel Scene","Retired Practice Manager","Barton-upon-Humber, Lincolnshire",2
5,2,"Norman","Norman Calder",66,"stayed in","Farthing Biscuits","Zulu Boats at Dawn","Retired Naval Officer","Portknockie, Moray",10
5,2,"Richard","Richard Burr",38,"Star Baker","Rosemary Seeded Crackers","Pirates!","Builder","Mill Hill, London",1
5,3,"Chetna","Chetna Makan",35,"stayed in","Onion and Pine Nut Rolls","Rolled and Filled Twin Loaf","Fashion Designer","Broadstairs, Kent",8
5,3,"Diana","Diana Beard",69,"stayed in","Rustic Picnic Rolls","Sharing Savoury Pinwheel","Women's Institute (WI) Judge","Alkington, Shropshire",7
5,3,"Iain","Iain Watters",31,"stayed in","Cranberry and Walnut Rye Bread Rolls","Moroccan Plaited with a Bessara Dip","Construction Engineer","London/Belfast",9
5,3,"Jordan","Jordan Cox",32,"Eliminated","Rye and Spelt Bread Rolls","Strawberry Raspberry Cheesecake Brioche","IT Manager","Sneinton, Nottingham",10
5,3,"Kate","Kate Henry",41,"stayed in","Orange and Cardamom Rye Bread Knots","Prosciutto, Olive and Coriander Bread","Furniture Restorer","Brighton, East Sussex",1
5,3,"Luis","Luis Troyano",42,"Star Baker","Opposites Attract Rolls","Roscón de Reyes","Graphic Designer","Poynton, Cheshire",2
5,3,"Martha","Martha Collison",17,"stayed in","Date and Walnut Rye Rolls","Stuffed Sunflower Loaf","Student","Ascot, Berkshire",3
5,3,"Nancy","Nancy Birtwhistle",60,"stayed in","Cider and Walnut Crusty Rolls","'Full English' Stromboli","Retired Practice Manager","Barton-upon-Humber, Lincolnshire",5
5,3,"Norman","Norman Calder",66,"stayed in","Rye Bread Rolls","Chicken and Roasted Vegetable Picnic Loaf","Retired Naval Officer","Portknockie, Moray",4
5,3,"Richard","Richard Burr",38,"stayed in","Rye and Cranberry Rolls","Pesto Pinwheel","Builder","Mill Hill, London",6
5,4,"Chetna","Chetna Makan",35,"stayed in","Rhubarb, Strawberry and Orange Puddings","Mango, Raspberry and Coconut Baked Alaska","Fashion Designer","Broadstairs, Kent",3
5,4,"Diana","Diana Beard",69,"stayed in","Orange and Lemon Curd Pots","Raspberry Ripple Alaska Swan","Women's Institute (WI) Judge","Alkington, Shropshire",9
5,4,"Iain","Iain Watters",31,"Eliminated","Chocolate, Lime and Raspberry Fondants","Chocolate, Black Sesame Seed and Coffee Caramel Baked Alaska (not presented)","Construction Engineer","London/Belfast",6
5,4,"Kate","Kate Henry",41,"stayed in","Chocolate and Salted Caramel Molten Puddings","Pistachio, Raspberry and Chocolate Baked Alaska","Furniture Restorer","Brighton, East Sussex",7
5,4,"Luis","Luis Troyano",42,"stayed in","Pears in Puddings","Bakewell Alaska","Graphic Designer","Poynton, Cheshire",2
5,4,"Martha","Martha Collison",17,"stayed in","Peanut Butter Chocolate Fondants","Key Lime Baked Alaska","Student","Ascot, Berkshire",1
5,4,"Nancy","Nancy Birtwhistle",60,"stayed in","Pistachio Puddings with Chocolate Sauce","Summer Pudding Alaska","Retired Practice Manager","Barton-upon-Humber, Lincolnshire",4
5,4,"Norman","Norman Calder",66,"stayed in","Mini Sticky Toffee Puddings","Baked Alaska with Strawberry Surprise","Retired Naval Officer","Portknockie, Moray",8
5,4,"Richard","Richard Burr",38,"Star Baker","Black Forest Chocolate Fondants","Tiramisu Baked Alaska","Builder","Mill Hill, London",5
5,5,"Chetna","Chetna Makan",35,"stayed in","Rice Custard Tart with Mangoes and Raspberries","Fusion Tiered Pies","Fashion Designer","Broadstairs, Kent",2
5,5,"Kate","Kate Henry",41,"Star Baker","Rhubarb and Custard Tart","Rhubarb, Prune and Apple Pies","Furniture Restorer","Brighton, East Sussex",3
5,5,"Luis","Luis Troyano",42,"stayed in","Tropical Manchester Tart","Four Fruity Seasons Tower","Graphic Designer","Poynton, Cheshire",6
5,5,"Martha","Martha Collison",17,"stayed in","Pistachio, Apricot and Honey Custard Tart","Three Little Pigs Pie","Student","Ascot, Berkshire",1
5,5,"Nancy","Nancy Birtwhistle",60,"stayed in","Chocolate Crusted Passion Fruit Tart","Trio of Apple Pies","Retired Practice Manager","Barton-upon-Humber, Lincolnshire",4
5,5,"Norman","Norman Calder",66,"Eliminated","Tarte au Citron","Pieful Tower","Retired Naval Officer","Portknockie, Moray",5
5,5,"Richard","Richard Burr",38,"stayed in","Fig and Orange Tart","Three Course Autumn Pie Feast","Builder","Mill Hill, London",7
5,6,"Chetna","Chetna Makan",35,"Star Baker","Orange Savarin with Cinnamon Cream","Almond Liqueur Dobos Torte with Chocolate Caramel Buttercream","Fashion Designer","Broadstairs, Kent",2
5,6,"Kate","Kate Henry",41,"stayed in","Pecan, Chocolate and Sour Cherry Yeast Cake","Trio of Dobos Tortes","Furniture Restorer","Brighton, East Sussex",6
5,6,"Luis","Luis Troyano",42,"stayed in","Apple and Cinnamon Kugelhopf with Honeyed Apples","The Cage on the Rocky Hill","Graphic Designer","Poynton, Cheshire",3
5,6,"Martha","Martha Collison",17,"stayed in","Dark Chocolate and Almond Liqueur Savarin","Chess-Themed Chocolate and Salted Caramel Dobos Torte","Student","Ascot, Berkshire",4
5,6,"Nancy","Nancy Birtwhistle",60,"stayed in","Rum Punch Savarin with Coconut Cream and Tropical Fruits","Chocolate and Caramel Dobos Torte","Retired Practice Manager","Barton-upon-Humber, Lincolnshire",1
5,6,"Richard","Richard Burr",38,"stayed in","Fruity Guglhupf with an Orange Glaze","Sugar Forest Dobos Torte","Builder","Mill Hill, London",5
5,7,"Chetna","Chetna Makan",35,"stayed in","Crispy Lentil Kachori","Chocolate and Mango & Lemon Meringue Éclairs","Fashion Designer","Broadstairs, Kent",6
5,7,"Kate","Kate Henry",41,"Eliminated","Spinach and Paneer Spicy Samosa","Neapolitan & Lemon Meringue Éclairs","Furniture Restorer","Brighton, East Sussex",4
5,7,"Luis","Luis Troyano",42,"stayed in","Childhood Empanadas","Stars and Stripes Éclairs
(Blueberry Cheesecake & Peanut Butter and Jelly Éclairs)","Graphic Designer","Poynton, Cheshire",5
5,7,"Martha","Martha Collison",17,"stayed in","Mini Beef Wellingtons","Rhubarb and Custard & Maple Syrup and Bacon Éclairs","Student","Ascot, Berkshire",3
5,7,"Nancy","Nancy Birtwhistle",60,"stayed in","Spicy Duck Pasties","Smoked Salmon and Horseradish & Raspberry Ripple Éclairs","Retired Practice Manager","Barton-upon-Humber, Lincolnshire",2
5,7,"Richard","Richard Burr",38,"Star Baker","Minted Lamb Pasties","Stair of Éclairs
(Lavender and Blueberry & Rose and Raspberry Éclairs)","Builder","Mill Hill, London",1
5,8,"Chetna","Chetna Makan",35,"stayed in","Date and Walnut Swirl Bread","Chocolate Mousse Filled DoughnutsBraided Doughnuts","Fashion Designer","Broadstairs, Kent",1
5,8,"Luis","Luis Troyano",42,"stayed in","Black Forest Cherry Tree","Cocktail Doughnuts
(Mudslide & Raspberry Mojito)","Graphic Designer","Poynton, Cheshire",2
5,8,"Martha","Martha Collison",17,"Eliminated","Spiced Plum Iced Bread Swirl","Glazed Lemon & Poppy Seed DoughnutsChocolate & Passion Fruit Doughnuts","Student","Ascot, Berkshire",5
5,8,"Nancy","Nancy Birtwhistle",60,"stayed in","Lincolnshire Plum Braid","Doughnut Family Tree
(Limoncello and Almond & Milk Chocolate and Orange)","Retired Practice Manager","Barton-upon-Humber, Lincolnshire",3
5,8,"Richard","Richard Burr",38,"Star Baker","Fruit Swedish Tea Ring","Rhubarb and Custard and Toffee Apple Doughnuts","Builder","Mill Hill, London",4
5,9,"Chetna","Chetna Makan",35,"Eliminated","Chocolate Orange Baklava Masala Chai Baklava","Chocolate, Orange & Nut EntremetsCappuccino Entremets","Fashion Designer","Broadstairs, Kent",4
5,9,"Luis","Luis Troyano",42,"stayed in","Indian Rose BaklavaHalwa Baklava Rolls","Chocolate Mousse & Cherry EntremetsPomegranate, Fig & Pistachio Sponges","Graphic Designer","Poynton, Cheshire",1
5,9,"Nancy","Nancy Birtwhistle",60,"stayed in","Coffee and Chocolate BaklavaBreakfast Baklava","Raspberry NonnettesLime and Passion Fruit Entremets","Retired Practice Manager","Barton-upon-Humber, Lincolnshire",3
5,9,"Richard","Richard Burr",38,"Star Baker","Rose and Pistachio BaklavaWalnut and Almond Baklava","Hazelnut Mocha EntremetsPink Grapefruit Entremets","Builder","Mill Hill, London",2
5,10,"Luis","Luis Troyano",42,"Series Runner up","Apple, Walnut, Raisin and Cheshire Cheese ChaussonsPain au Chocolat Blanc with Raspberries and Cream Cheese","Village in Chocolate","Graphic Designer","Poynton, Cheshire",2
5,10,"Nancy","Nancy Birtwhistle",60,"Series Winner","Apple and Lemon KitesRaspberry and Almond Croissants","Red Windmill","Retired Practice Manager","Barton-upon-Humber, Lincolnshire",1
5,10,"Richard","Richard Burr",38,"Series Runner up","Pear Pain au ChocolatPain Au Lait","Mill on the Hill","Builder","Mill Hill, London",3
6,1,"Alvin","Alvin Magallanes",37,"stayed in","Orange Vanilla and Fig Madeira Cake","Black Forest Gâteau","Nurse","Bracknell, Berkshire",2
6,1,"Dorret","Dorret Conway",53,"stayed in","Madeira Cake with Candied Lemons","Enchanted Forest Gâteau","Accountant","Penwortham, Lancashire",5
6,1,"Flora","Flora Shedden",19,"stayed in","Blood Orange Madeira Cake","Black Forest Gâteau","Art gallery assistant","Dunkeld, Perth and Kinross",6
6,1,"Ian","Ian Cumming",41,"stayed in","Somewhere West of Madeira Cake","Black Forest Cherry Tree","Travel photographer","Great Wilbraham, Cambridgeshire",8
6,1,"Marie","Marie Campbell",66,"Star Baker","Zingy Citrus Madeira Cake","A Walk in the Black Forest","Retired","Auchterarder, Perthshire",3
6,1,"Mat","Mat Riley",37,"stayed in","Gin and Tonic Madeira Cake","Black Forest Gateau","Fire fighter","London",7
6,1,"Nadiya","Nadiya Hussain",30,"stayed in","Orange and Green Cardamom Madeira Cake","Quadruple Chocolate Black Forest Gâteau","Full-time mother","Leeds / Luton",12
6,1,"Paul","Paul Jagger",49,"stayed in","Lemon, Ginger and Caraway Seed Madeira Cake","Black Forest Chocolate Creation","Prison governor","Swansea, Wales",10
6,1,"Sandy","Sandy Docherty",49,"stayed in","Madeira Cake with Almond Liqueur and Chopped Apricots","Black Forest Gâteau","Child welfare officer","Yeadon, West Yorkshire",9
6,1,"Stu","Stu Henshall",35,"Eliminated","Marley Madeira Cake","Purple Forest Gâteau","Professional musician","Guildford, Surrey",11
6,1,"Tamal","Tamal Ray",29,"stayed in","Pistachio and Rose Madeira Cake","Black Forest Gâteau in a Chocolate Shell","Trainee anaesthetist","Manchester",4
6,1,"Ugnė","Ugnė Bubnaityte",32,"stayed in","Lemon and Thyme Madeira Cake","Falling Cup Gâteau","PA and administrator","Woodford, London / Vilkaviškis, Lithuania",1
6,2,"Alvin","Alvin Magallanes",37,"stayed in","Jackfruit, Pistachio and Macadamia Biscotti","Gingerbread Box filled with Brandy Snaps","Nurse","Bracknell, Berkshire",6
6,2,"Dorret","Dorret Conway",53,"stayed in","Almond and Apricot Biscotti with Amber Sugar Crystals","Box of Frogs","Accountant","Penwortham, Lancashire",1
6,2,"Flora","Flora Shedden",19,"stayed in","Wedding Biscotti","Honey and Earl Grey Tea Box","Art gallery assistant","Dunkeld, Perth and Kinross",2
6,2,"Ian","Ian Cumming",41,"Star Baker","Orange, Rosemary and Almond Biscotti","Sandwich de la Confiture","Travel photographer","Great Wilbraham, Cambridgeshire",3
6,2,"Marie","Marie Campbell",66,"Eliminated","Biscotti Italiano","Russian Box","Retired","Auchterarder, Perthshire",11
6,2,"Mat","Mat Riley",37,"stayed in","Pistachio, Cranberry and White Chocolate Biscotti","Gingerbread Fire Engine","Fire fighter","London",5
6,2,"Nadiya","Nadiya Hussain",30,"stayed in","Coconut, Fennel and Pistachio Biscotti","Box of Fortunes","Full-time mother","Leeds / Luton",9
6,2,"Paul","Paul Jagger",49,"stayed in","Chocolate, Hazelnut and Fig Biscotti","Memory Box","Prison governor","Swansea, Wales",10
6,2,"Sandy","Sandy Docherty",49,"stayed in","Chocolate Chunk and Hazelnut Biscotti","Sundried Tomato Cheese Biscuit Box","Child welfare officer","Yeadon, West Yorkshire",4
6,2,"Tamal","Tamal Ray",29,"stayed in","Cinnamon, Maple and Cranberry Biscotti","Chessboard Box","Trainee anaesthetist","Manchester",8
6,2,"Ugnė","Ugnė Bubnaityte",32,"stayed in","White Wine Biscotti","Baby Climbing into the Cookie Box","PA and administrator","Woodford, London / Vilkaviškis, Lithuania",7
6,3,"Alvin","Alvin Magallanes",37,"stayed in","Prosciutto, Manchego and Balsamic Onion Soda Breads","Cornucopia","Nurse","Bracknell, Berkshire",4
6,3,"Dorret","Dorret Conway",53,"Eliminated","Walnut and Stilton Soda Breads","Unmade Bread","Accountant","Penwortham, Lancashire",6
6,3,"Flora","Flora Shedden",19,"stayed in","Fig and Hazelnut Rye Breads","Herb Couture","Art gallery assistant","Dunkeld, Perth and Kinross",2
6,3,"Ian","Ian Cumming",41,"Star Baker","Wild Garlic Pesto Soda Breads","Flour Power","Travel photographer","Great Wilbraham, Cambridgeshire",1
6,3,"Mat","Mat Riley",37,"stayed in","Jalapeño, Mexican Cheddar and Smoked Salt Soda Breads","Curry Inspired Brighton Pavilion","Fire fighter","London",8
6,3,"Nadiya","Nadiya Hussain",30,"stayed in","Mexican Bread with Warm Tomato Salsa","Snake Charmer's Basket","Full-time mother","Leeds / Luton",9
6,3,"Paul","Paul Jagger",49,"stayed in","Cranberry and Orange Sweet Soda Breads","King of the Jungle","Prison governor","Swansea, Wales",10
6,3,"Sandy","Sandy Docherty",49,"stayed in","Soda Breads with Smoked Bacon and Onion","Basket of Bread Flowers with a Walnut and Blue Cheese Centre","Child welfare officer","Yeadon, West Yorkshire",7
6,3,"Tamal","Tamal Ray",29,"stayed in","Fig, Cheese and Walnut Breads","Breadcycle","Trainee anaesthetist","Manchester",3
6,3,"Ugnė","Ugnė Bubnaityte",32,"stayed in","Chocolate Quick Breads with Salted Caramel Sauce","Easter Basket","PA and administrator","Woodford, London / Vilkaviškis, Lithuania",5
6,4,"Alvin","Alvin Magallanes",37,"stayed in","Blackberry Crème Brûlées","Tower of Fruits Cheesecakes","Nurse","Bracknell, Berkshire",9
6,4,"Flora","Flora Shedden",19,"stayed in","Rhubarb and Ginger Crème Brûlées","Elderflower and Granola Cheesecakes","Art gallery assistant","Dunkeld, Perth and Kinross",3
6,4,"Ian","Ian Cumming",41,"Star Baker","Pomegranate Two Ways Crème Brûlées","Trio of Spicy and Herby Baked Cheesecakes","Travel photographer","Great Wilbraham, Cambridgeshire",4
6,4,"Mat","Mat Riley",37,"stayed in","Coconut Crème Brûlées","Chocolate Bar Cheesecakes","Fire fighter","London",7
6,4,"Nadiya","Nadiya Hussain",30,"stayed in","Cinnamon Tea Crème Brûlées","Fizzy Pop Cheesecakes","Full-time mother","Leeds / Luton",8
6,4,"Paul","Paul Jagger",49,"stayed in","Almond Crème Brûlées","Berry Cheesecake Tower","Prison governor","Swansea, Wales",1
6,4,"Sandy","Sandy Docherty",49,"Eliminated","Pontefract Crème Brûlées","Cassata, Whisky and Orange & Apple Pie Cheesecakes","Child welfare officer","Yeadon, West Yorkshire",6
6,4,"Tamal","Tamal Ray",29,"stayed in","Rhubarb and Ginger Crème Brûlées","Mango, Hazelnut and Rosemary Cheesecake Trio","Trainee anaesthetist","Manchester",5
6,4,"Ugnė","Ugnė Bubnaityte",32,"stayed in","Marula Fruit and Coffee Liqueur Crème Brûlées","Lime, Coconut and Hazelnut Cheesecakes","PA and administrator","Woodford, London / Vilkaviškis, Lithuania",2
6,5,"Alvin","Alvin Magallanes",37,"stayed in","Pineapple Upside Down Cake","Buko Pandan, Mango and Passion Fruit Ice Cream Roll","Nurse","Bracknell, Berkshire",8
6,5,"Flora","Flora Shedden",19,"stayed in","Pistachio, Apple and Cardamom Madeleine Cake","Chocolate and Pear Bûche","Art gallery assistant","Dunkeld, Perth and Kinross",3
6,5,"Ian","Ian Cumming",41,"stayed in","Honey and Flowers Cake","Dessert Island","Travel photographer","Great Wilbraham, Cambridgeshire",5
6,5,"Mat","Mat Riley",37,"stayed in","Sugar Free Carrot Cake","Raspberry and Coconut Ice Cream Roll","Fire fighter","London",4
6,5,"Nadiya","Nadiya Hussain",30,"Star Baker","Naked Blueberry and Caraway Crunch Cake","Chocolate and Strawberry Lime Ice Cream Roll","Full-time mother","Leeds / Luton",1
6,5,"Paul","Paul Jagger",49,"stayed in","Carrot & Pecan Cake","Dessert Island Getaway","Prison governor","Swansea, Wales",2
6,5,"Tamal","Tamal Ray",29,"stayed in","Honey and Grapefruit Polenta Cake","Passion Fruit and Pineapple Ice Cream Roll","Trainee anaesthetist","Manchester",7
6,5,"Ugnė","Ugnė Bubnaityte",32,"Eliminated","Chocolate and Hazelnut Sugar-Free Cake","Chocolate, Peanut Butter and Grape Jam Roll","PA and administrator","Woodford, London / Vilkaviškis, Lithuania",6
6,6,"Alvin","Alvin Magallanes",37,"Eliminated","Plum Frangipane Tart","Smoked Salmon En Croûte and Vermouth Chicken à la King Vol-au-vents","Nurse","Bracknell, Berkshire",6
6,6,"Flora","Flora Shedden",19,"stayed in","Apricot and Rosemary Frangipane Tart","Asparagus and Parma Ham and Praline and Chocolate Vol-au-vents","Art gallery assistant","Dunkeld, Perth and Kinross",2
6,6,"Ian","Ian Cumming",41,"stayed in","Pear and Raspberry Frangipane Tart","vol-au-vents Terre et Mer","Travel photographer","Great Wilbraham, Cambridgeshire",3
6,6,"Mat","Mat Riley",37,"Star Baker","Piña Colada Frangipane Tart","His 'n' Hers Vol-au-vents","Fire fighter","London",1
6,6,"Nadiya","Nadiya Hussain",30,"stayed in","Bay Leaf, Rong Tea and Pear Tart","Bengali Korma and Clementine with Cod Vol-au-vents","Full-time mother","Leeds / Luton",4
6,6,"Paul","Paul Jagger",49,"stayed in","Christmas Frangipane Tart","Savoury and Sweet Bouchées","Prison governor","Swansea, Wales",5
6,6,"Tamal","Tamal Ray",29,"stayed in","Spiced Pear Frangipane Tart","Fennel and Rosemary Pulled Pork and Chicken and Coriander vol-au-vents","Trainee anaesthetist","Manchester",7
6,7,"Flora","Flora Shedden",19,"stayed in","Game Pie with Shallot and Apple Chutney","Raspberry, Pomegranate and Champagne Charlotte Russe","Art gallery assistant","Dunkeld, Perth and Kinross",4
6,7,"Ian","Ian Cumming",41,"stayed in","Roadkill Pie","Victoria's Crown Charlotte Russe","Travel photographer","Great Wilbraham, Cambridgeshire",5
6,7,"Mat","Mat Riley",37,"Eliminated","Raised Venison and Pigeon Pie","Strawberry Charlotte Russe","Fire fighter","London",6
6,7,"Nadiya","Nadiya Hussain",30,"stayed in","Aromatic Raised Game Pie","Mango and Raspberry Charlotte Russe","Full-time mother","Leeds / Luton",1
6,7,"Paul","Paul Jagger",49,"stayed in","Not a Boaring Pie","Charlotte Rose","Prison governor","Swansea, Wales",2
6,7,"Tamal","Tamal Ray",29,"Star Baker","Middle Eastern Game Pie","Spiced Blackberry, Raspberry and Cardamom Charlotte Russe","Trainee anaesthetist","Manchester",3
6,8,"Flora","Flora Shedden",19,"stayed in","Peach & Lemon Thyme and Smoked Almond & Butterscotch Cream Horns","Lime & Basil and Coconut & White Chocolate Religieuse à l'ancienne","Art gallery assistant","Dunkeld, Perth and Kinross",3
6,8,"Ian","Ian Cumming",41,"stayed in","Mont Blanc & Black Forest Gâteau Horns","Nun with Hidden Passions","Travel photographer","Great Wilbraham, Cambridgeshire",2
6,8,"Nadiya","Nadiya Hussain",30,"Star Baker","Rose Pistachio and Mocha Hazelnut Horns","Bubble Gum and Peppermint Cream Religieuse à l'ancienne","Full-time mother","Leeds / Luton",1
6,8,"Paul","Paul Jagger",49,"Eliminated","Café Tipple & Banana Crunch-away Horns","Religieuse à l'ancienne","Prison governor","Swansea, Wales",5
6,8,"Tamal","Tamal Ray",29,"stayed in","Lime & Mascarpone and Malt Cream Horns","Passionfruit & Mango and Pistachio & Raspberry Religieuse à l'ancienne","Trainee anaesthetist","Manchester",4
6,9,"Flora","Flora Shedden",19,"Eliminated","Passion Fruit and Chocolate Tart","Cocoa Carousel","Art gallery assistant","Dunkeld, Perth and Kinross",1
6,9,"Ian","Ian Cumming",41,"stayed in","Chocolate and Bay Tart","Chocolate Well","Travel photographer","Great Wilbraham, Cambridgeshire",3
6,9,"Nadiya","Nadiya Hussain",30,"Star Baker","Peanut Salted Caramel and Chocolate Tart","Peacock in Nan's Door","Full-time mother","Leeds / Luton",4
6,9,"Tamal","Tamal Ray",29,"stayed in","Chocolate New York Pie","Chocolate Bell Tower","Trainee anaesthetist","Manchester",2
6,10,"Ian","Ian Cumming",41,"Series Runner up","Elderflower and Lemon & Spiced Buns","Colossal Curvy Carrot Cake","Travel photographer","Great Wilbraham, Cambridgeshire",2
6,10,"Nadiya","Nadiya Hussain",30,"Series Winner","Cardamom and Almond Buns & Nutmeg and Sour Cherry Fingers","My Big Fat British Wedding Cake","Full-time mother","Leeds / Luton",1
6,10,"Tamal","Tamal Ray",29,"Series Runner up","Cinnamon and Apple & Toffee and Marmalade Iced Buns","Sticky Toffee Pudding Cake","Trainee anaesthetist","Manchester",3
7,1,"Andrew","Andrew Smyth",25,"stayed in","Lemon and Rosemary Drizzle Cake","'Ultimate Indulgence' Mirror Glaze Cake","Aerospace engineer","Derby / Holywood, County Down",12
7,1,"Benjamina","Benjamina Ebuehi",23,"stayed in","Pistachio, Cardamom and Lemon Drizzle Cake","White Chocolate Mirror Glaze with Salted Praline Buttercream","Teaching assistant","South London",6
7,1,"Candice","Candice Brown",31,"stayed in","Raspberry and Rhubarb Drizzle Custard Bundt Cake","Mirror Mirror On The Wall, Who Is The Shiniest Cake Of Them All?","PE teacher","Barton-Le-Clay, Bedfordshire",5
7,1,"Jane","Jane Beedle",61,"Star Baker","Lemon and Poppy Seed Drizzle Cake","Chocolate Orange Mirror Cake","Garden designer","Beckenham",7
7,1,"Kate","Kate Barmby",37,"stayed in","Berry Best Apple and Bramble Drizzle Cake","One Swallow Does Not Make A Summer Cake","Nurse","Brooke, Norfolk",4
7,1,"Lee","Lee Banfield",67,"Eliminated","St. Clements Orange and Lemon Drizzle Cake","Strawberry Surprise Mirror Cake","Pastor","Bolton",11
7,1,"Louise","Louise Williams",46,"stayed in","Orange Liqueur and Lemonade Drizzle Cake","White Chocolate Trifle Mirror Glaze Cake","Hairdresser","Cardiff",9
7,1,"Michael","Michael Georgiou",20,"stayed in","Lime, Ginger and Honey Drizzle Cake","Matcha Tea Chocolate Mirror Glaze","Student","Durham",3
7,1,"Rav","Rav Bansal",28,"stayed in","Ginger Spice Yuzu Drizzle Cake","Colombian Mocha Mirror Glaze Cake","Student support","Erith",8
7,1,"Selasi","Selasi Gbormittah",30,"stayed in","Citrus and Spice Drizzle Cake","Raspberry, Sloe and White Chocolate Mirror Glaze Cake","Client service associate","London",1
7,1,"Tom","Tom Gilliford",26,"stayed in","G&T Drizzle Cake","Black Forest Broken Mirror","Project engagement manager","Rochdale",2
7,1,"Val","Val Stones",66,"stayed in","Mum's Orange and Lemon Drizzle","Chocolate Sponge with Four Fruit Frosting","Semi-retired, Substitute teacher","Yeovil",10
7,2,"Andrew","Andrew Smyth",25,"stayed in","Beehive Biscuits","Punting in Cambridge","Aerospace engineer","Derby / Holywood, County Down",4
7,2,"Benjamina","Benjamina Ebuehi",23,"stayed in","Bouquet Biscuits","New York, New York","Teaching assistant","South London",3
7,2,"Candice","Candice Brown",31,"Star Baker","Salted Caramel, Chocolate Iced Shiny Hearts","Gingerbread Pub with Sticky Ginger Carpet","PE teacher","Barton-Le-Clay, Bedfordshire",8
7,2,"Jane","Jane Beedle",61,"stayed in","Flower Pot Iced Biscuits","Hastings Old Town Fishing Net Shops and Boat","Garden designer","Beckenham",2
7,2,"Kate","Kate Barmby",37,"stayed in","""A Biscuit for the Broads""","""I Promise I will do my best""","Nurse","Brooke, Norfolk",1
7,2,"Louise","Louise Williams",46,"Eliminated","Baa Bara Brith Biscuits","Gingerbread Wedding","Hairdresser","Cardiff",10
7,2,"Michael","Michael Georgiou",20,"stayed in","Malt, Chocolate and Orange Iced ""Beer"" Biscuits","Trip to See Santa in Lapland","Student","Durham",9
7,2,"Rav","Rav Bansal",28,"stayed in","Union Jack Bunting Biscuits","Gingerbread Christmas Fairground","Student support","Erith",6
7,2,"Selasi","Selasi Gbormittah",30,"stayed in","""Wheelie Hot Iced Biscuits""","Stained Glass Window Gingerbread Church","Client service associate","London",11
7,2,"Tom","Tom Gilliford",26,"stayed in","Chai Frappelatteccino Biscuits","Tom and Pod's Near Death Experience","Project engagement manager","Rochdale",7
7,2,"Val","Val Stones",66,"stayed in","Sunday Treat Iced Ice Cream Cone Biscuits","From Holland to New York via Yorkshire","Semi-retired, Substitute teacher","Yeovil",5
7,3,"Andrew","Andrew Smyth",25,"stayed in","Chocolate Barmbrack Bread","Braided Harvest Bread Basket","Aerospace engineer","Derby / Holywood, County Down",2
7,3,"Benjamina","Benjamina Ebuehi",23,"stayed in","Chocolate, Tahini and Almond Babka","Braided Bread Heart","Teaching assistant","South London",6
7,3,"Candice","Candice Brown",31,"stayed in","Chocolate, Salted Caramel & Pecan Brittle Brioche Loaf","Italian Light and Dark Rye Twist","PE teacher","Barton-Le-Clay, Bedfordshire",3
7,3,"Jane","Jane Beedle",61,"stayed in","Chocolate and Cranberry Couronne","Chorizo and Chilli Flower with Parmesan and Pesto Centre","Garden designer","Beckenham",9
7,3,"Kate","Kate Barmby",37,"stayed in","Cobbled Loaf","The Corn Maiden","Nurse","Brooke, Norfolk",8
7,3,"Michael","Michael Georgiou",20,"Eliminated","Chocolate and Chilli Swirl Plait","Cypriot Dove and Olive Branch Plaited Loaf with Houmous","Student","Durham",7
7,3,"Rav","Rav Bansal",28,"stayed in","Chocolate, Cardamom and Hazelnut Loaf","Three Tier Diwali Bread Centrepiece","Student support","Erith",10
7,3,"Selasi","Selasi Gbormittah",30,"stayed in","Chocolate, Orange and Cinnamon Bread","Bedouin Escape Tear and Share Bread","Client service associate","London",5
7,3,"Tom","Tom Gilliford",26,"Star Baker","Chocolate Orange and Chilli Swirl Bread","Jörmungandr and Mjölnir","Project engagement manager","Rochdale",4
7,3,"Val","Val Stones",66,"stayed in","Double Chocolate Cinnamon Twist Loaf","""And They All Went Into The Ark To Get Out Of The Rain""","Semi-retired, Substitute teacher","Yeovil",1
7,4,"Andrew","Andrew Smyth",25,"stayed in","Yorkshire 'Tapas' Puddings","Churros Window Box","Aerospace engineer","Derby / Holywood, County Down",4
7,4,"Benjamina","Benjamina Ebuehi",23,"Star Baker","Red Onion Chutney, Brie and Bacon Yorkshire Puddings","Tropical Churros","Teaching assistant","South London",1
7,4,"Candice","Candice Brown",31,"stayed in","Yorkshire Wellingtons","Two-Way Peanut Butter Churros","PE teacher","Barton-Le-Clay, Bedfordshire",2
7,4,"Jane","Jane Beedle",61,"stayed in","Meat and Two Veg Yorkshires","Pistachio and White Chocolate Churros","Garden designer","Beckenham",3
7,4,"Kate","Kate Barmby",37,"Eliminated","Christmas Dinner Compromise","Hot Cross Bunny Churros","Nurse","Brooke, Norfolk",7
7,4,"Rav","Rav Bansal",28,"stayed in","Thai Tofu Panang Yorkshires","Three Dip Matcha Pistachio Churros","Student support","Erith",9
7,4,"Selasi","Selasi Gbormittah",30,"stayed in","Perfect Sunday Roast Accompaniment","Lemon and Anise Churros","Client service associate","London",8
7,4,"Tom","Tom Gilliford",26,"stayed in","West Yorkshire Fusion Puddings","Fennel Churros Snake In The Grass","Project engagement manager","Rochdale",5
7,4,"Val","Val Stones",66,"stayed in","Mum's Chilli Yorkshire Puddings","Orange Chocolate Churros","Semi-retired, Substitute teacher","Yeovil",6
7,5,"Andrew","Andrew Smyth",25,"stayed in","Mum and Dad's Breakfast Pastries","Spicy Chorizo Squash Parcels and Baklava Bites","Aerospace engineer","Derby / Holywood, County Down",6
7,5,"Benjamina","Benjamina Ebuehi",23,"stayed in","'Good Morning America' Swirls and Peanut Butter and Banana Pinwheels","Plantain and Spinach Samosas and Chai Pear Cups","Teaching assistant","South London",5
7,5,"Candice","Candice Brown",31,"Star Baker","Danish Pastry Croque Monsieur Kites and Cinnamon Apple, Vanilla Crème Rose Danish","Sausage, Black Pudding and Apple Rounds and Banoffee Whiskey Cups","PE teacher","Barton-Le-Clay, Bedfordshire",2
7,5,"Jane","Jane Beedle",61,"stayed in","Orange Pain au Raisins, Raspberry, Chocolate and Almond Danish","Roquefort, Fig and Walnut Parcels and Cherry and Chocolate Cones","Garden designer","Beckenham",1
7,5,"Rav","Rav Bansal",28,"stayed in","Cinnamon Swirls and Pecan, Walnut and Maple Plaits","Chinese Style Prawn Filo Tartlets and Spiced White Chocolate and Hazelnut Samosas","Student support","Erith",8
7,5,"Selasi","Selasi Gbormittah",30,"stayed in","Rhubarb, Mango and Ginger Plait, and Pineapple and Coconut Pinwheels","Parma Ham, Asparagus and Cheese Filo Cigars and Coffee Cream Filo Cups","Client service associate","London",3
7,5,"Tom","Tom Gilliford",26,"stayed in","Mega Breakfast Bonanzas; Granola Spirals and Wheat Foldovers","Yin and Yang Amuse-bouche","Project engagement manager","Rochdale",4
7,5,"Val","Val Stones",66,"Eliminated","Pecan and Maple Syrup Pinwheels and Apple, Sultana and Cinnamon Swirls","Caramelised Red Onion, Goats Cheese Tartlets and Mincemeat and Apple Spiced Parcels","Semi-retired, Substitute teacher","Yeovil",7
7,6,"Andrew","Andrew Smyth",25,"stayed in","Tangy Lime and Ginger Meringue Pie","Spring Elderflower Trio","Aerospace engineer","Derby / Holywood, County Down",6
7,6,"Benjamina","Benjamina Ebuehi",23,"stayed in","Grapefruit and Ginger Meringue Pie","Floral Tea Cake","Teaching assistant","South London",2
7,6,"Candice","Candice Brown",31,"stayed in","Lime, Coconut and Lemongrass Sugar Meringue Pie","Four Seasons Cake","PE teacher","Barton-Le-Clay, Bedfordshire",5
7,6,"Jane","Jane Beedle",61,"stayed in","Lime and Coconut Meringue Pie","Three Tier Orange Cake with a Floral Chocolate Collar","Garden designer","Beckenham",4
7,6,"Rav","Rav Bansal",28,"Eliminated","Mandarin Margarita Meringue Pie","Blossom Cake","Student support","Erith",3
7,6,"Selasi","Selasi Gbormittah",30,"stayed in","Grapefruit, Orange and Mint Meringue Pie","Three Tiered Ombré Floral Cake","Client service associate","London",7
7,6,"Tom","Tom Gilliford",26,"Star Baker","Blood Orange Halloween Pumpkin Pie","Floral Tea Cake","Project engagement manager","Rochdale",1
7,7,"Andrew","Andrew Smyth",25,"Star Baker","Tropical Holiday Roulade","Childhood Ice Cream Mousse Cakes","Aerospace engineer","Derby / Holywood, County Down",1
7,7,"Benjamina","Benjamina Ebuehi",23,"stayed in","Piña Colada Roulade","Apple Crumble Mousse Cake and Chocolate Coffee Mousse Cake","Teaching assistant","South London",3
7,7,"Candice","Candice Brown",31,"stayed in","Crowd Pleaser Roulade","Blackberry and Raspberry Bubbles and After Dinner Mousse","PE teacher","Barton-Le-Clay, Bedfordshire",2
7,7,"Jane","Jane Beedle",61,"stayed in","Chocolate and Hazelnut Roulade","Chocolate, Coffee, and Vanilla Joconde Cakes and Blackcurrant and Vanilla Ombre Mousses","Garden designer","Beckenham",4
7,7,"Selasi","Selasi Gbormittah",30,"stayed in","Summer Picnic Roulade","Lemon, Strawberry and Passionfruit and Chocolate and Mint Mini Mousse Cakes","Client service associate","London",6
7,7,"Tom","Tom Gilliford",26,"Eliminated","Millionaire's Roulade","Hipster Picnic","Project engagement manager","Rochdale",5
7,8,"Andrew","Andrew Smyth",25,"stayed in","Da Vinci Inspired Geared Pies","Jousting Knights Marchpane","Aerospace engineer","Derby / Holywood, County Down",2
7,8,"Benjamina","Benjamina Ebuehi",23,"Eliminated","Mexican Adventure","Tudor Garden","Teaching assistant","South London",4
7,8,"Candice","Candice Brown",31,"Star Baker","Cheesy Cheeky Fish Pies","Peacock","PE teacher","Barton-Le-Clay, Bedfordshire",1
7,8,"Jane","Jane Beedle",61,"stayed in","Tudor Rose Pies","Swans","Garden designer","Beckenham",5
7,8,"Selasi","Selasi Gbormittah",30,"stayed in","Bouquet of Flowers","Fruity Tudor Marchpane","Client service associate","London",3
7,9,"Andrew","Andrew Smyth",25,"Star Baker","Cheesy Elephant Ears and Herby Treble Clefs","Philharmonic Fondants","Aerospace engineer","Derby / Holywood, County Down",2
7,9,"Candice","Candice Brown",31,"stayed in","Red Onion, Cambozola and Walnut Palmiers and Mushroom, Streaky Bacon, and Parmesan Palmiers","Chocolate Praline Fondant Fancies and Cherry Bakewell Fondant Fancies","PE teacher","Barton-Le-Clay, Bedfordshire",3
7,9,"Jane","Jane Beedle",61,"stayed in","Pesto and Sundried Tomato Palmiers and Goats Cheese, Olive and Parma Ham Palmiers","Pistachio and Raspberry Fondant Fancies and Lemon Curd Surprise Fondant Fancies","Garden designer","Beckenham",1
7,9,"Selasi","Selasi Gbormittah",30,"Eliminated","Sundried Tomato, Onion, Peppers and Parmesan Palmiers and Salmon, Spinach and Mushroom Palmiers","Lime and Ginger Fondant Fancies and Pink Velvet and Raspberry Prosecco Fondant Fancies","Client service associate","London",4
7,10,"Andrew","Andrew Smyth",25,"Series Runner up","Crunchy Caramel Cassis Crown","Family and Friends' Favourites Picnic","Aerospace engineer","Derby / Holywood, County Down",1
7,10,"Candice","Candice Brown",31,"Series Winner","Queen Victoria's Mango and Strawberry Crown","Picnic for Pearly Kings and Queens","PE teacher","Barton-Le-Clay, Bedfordshire",2
7,10,"Jane","Jane Beedle",61,"Series Runner up","Red, White and Blue Meringue Crown","Family Favourites Feast","Garden designer","Beckenham",3
8,1,"Chris","Chris Geiger",50,"stayed in","Tropical Fresh Fruit Cake","'Raised Pork Pie and Egg Surprise' Cake","Software developer","Bristol",12
8,1,"Flo","Flo Atkins",71,"stayed in","Citrus Layer Cake","'One in a Melon' Cake","Retired","Merseyside",9
8,1,"James","James Hillery",46,"stayed in","Orange, Rhubarb & Ginger Crumble Cake","'Mock-accino and Croissant' Cake","Banker","Brentwood, Essex",2
8,1,"Julia","Julia Chernogorova",21,"stayed in","Courgette and Lemon Cake","'Russian Doll' Cake","Aviation Broker","Crawley, West Sussex",3
8,1,"Kate","Kate Lyon",29,"stayed in","Moroccan Strawberry and Rose Cake","'Chocolate Terrarium' Cake","Health and safety inspector","Merseyside",1
8,1,"Liam","Liam Charles",19,"stayed in","Apple and Almond Crumble Maple Loaf","'Stackin' Sunday' Cake","Student","North London",8
8,1,"Peter","Peter Abatan",52,"Eliminated","Coconut Cake","'Bread on a Breadboard' Cake","IT programme manager","Southend, Essex",10
8,1,"Sophie","Sophie Faldo",33,"stayed in","Pineapple and Coconut Sandwich Cake","'Champagne Bottle and Bucket' Cake","Former army officer and trainee stuntwoman","West Molesey, Surrey",5
8,1,"Stacey","Stacey Hart",42,"stayed in","Granny Smith Apple and Walnut Cake","'Black Evening Clutch Bag' Cake","Former school teacher","Radlett, Hertfordshire",11
8,1,"Steven","Steven Carter-Bailey",34,"Star Baker","Bonfire Night Cake","'A Baker's Lunch' Cake","Marketer","Watford, Hertfordshire",6
8,1,"Tom","Tom Hetherington",29,"stayed in","Gilded Pear and Cardamom Cake","'Stack of Books' Cake","Architect","Edinburgh",7
8,1,"Yan","Yan Tsou",46,"stayed in","Windfall Apple Crumble Cake","'Banana-ramen' Cake","Laboratory research scientist","North London",4
8,2,"Chris","Chris Geiger",50,"Eliminated","Chocolate Chia Seed Biscuits with Whisky Caramel Filling","'The Great British Sail Off' Game","Software developer","Bristol",11
8,2,"Flo","Flo Atkins",71,"stayed in","Gin Jam Butties","'Pick My Bones' Game","Retired","Merseyside",10
8,2,"James","James Hillery",46,"stayed in","Rhubarb and Custard Whirls","'Coppit' Game","Banker","Brentwood, Essex",3
8,2,"Julia","Julia Chernogorova",21,"stayed in","Middle Eastern Delight Sandwich Biscuits","'A British Baking' Game","Aviation Broker","Crawley, West Sussex",4
8,2,"Kate","Kate Lyon",29,"stayed in","Coconut Seashells for a Titanic Afternoon Tea","'Jungle' Game","Health and safety inspector","Merseyside",8
8,2,"Liam","Liam Charles",19,"stayed in","Coffee Malted Pecan Shorties","'Classroom Classics' Game","Student","North London",7
8,2,"Sophie","Sophie Faldo",33,"stayed in","Lemon Limoncino Sandwich Biscuits","'Snakes and Ladders' Game","Former army officer and trainee stuntwoman","West Molesey, Surrey",2
8,2,"Stacey","Stacey Hart",42,"stayed in","Sparkly Chocolate and Marshmallow Fluff Cookies","'Get to School' Game","Former school teacher","Radlett, Hertfordshire",9
8,2,"Steven","Steven Carter-Bailey",34,"Star Baker","Amarpressi Biscuits","'Check Bake' Game","Marketer","Watford, Hertfordshire",6
8,2,"Tom","Tom Hetherington",29,"stayed in","Coffee and Amaretto Kisses","'Drain Pipes and Ladders' Game","Architect","Edinburgh",5
8,2,"Yan","Yan Tsou",46,"stayed in","'Mrs. Marian's PB 'n' B' Biscuits","'Adventures in Bakeland' Game","Laboratory research scientist","North London",1
8,3,"Flo","Flo Atkins",71,"Eliminated","Cinnamon and Orange Teacakes","'Davy Jones' Locker' Bread Sculpture","Retired","Merseyside",7
8,3,"James","James Hillery",46,"stayed in","Nordic Teacakes","'Owl in the Woods' Bread Sculpture","Banker","Brentwood, Essex",9
8,3,"Julia","Julia Chernogorova",21,"Star Baker","Earl Grey Dried Fruit Teacakes","'The Snail Under a Mushroom' Bread Sculpture","Aviation Broker","Crawley, West Sussex",2
8,3,"Kate","Kate Lyon",29,"stayed in","Blueberry Buns","'Kraken' Bread Sculpture","Health and safety inspector","Merseyside",10
8,3,"Liam","Liam Charles",19,"stayed in","Jamaican Spiced Teacakes","'Kneadapolitan' Bread Sculpture","Student","North London",5
8,3,"Sophie","Sophie Faldo",33,"stayed in","Tagine Teacakes","'Picnic Basket' Bread Sculpture","Former army officer and trainee stuntwoman","West Molesey, Surrey",6
8,3,"Stacey","Stacey Hart",42,"stayed in","Cranberry and Cinnamon Teacakes","'Ascot Hat' Bread Sculpture","Former school teacher","Radlett, Hertfordshire",1
8,3,"Steven","Steven Carter-Bailey",34,"stayed in","Madras Cocktail Teacakes","'The Bag I Knead' Bread Sculpture","Marketer","Watford, Hertfordshire",3
8,3,"Tom","Tom Hetherington",29,"stayed in","Orange and Cranberry Teacakes","'Pink & Yellow Rose Centrepiece' Bread Sculpture","Architect","Edinburgh",4
8,3,"Yan","Yan Tsou",46,"stayed in","'Mrs P's' Masala Chai Spiced Teacakes","'Basil the Vegetarian Dragon with his Pumpkin Hoard' Bread Sculpture","Laboratory research scientist","North London",8
8,4,"James","James Hillery",46,"stayed in","'Windy City' Millionaire Shortbreads","Nutty Caramel Cake","Banker","Brentwood, Essex",2
8,4,"Julia","Julia Chernogorova",21,"stayed in","Pecan Salted Caramel Millionaire Shortbreads","Poppy Seed Caramel Cake","Aviation Broker","Crawley, West Sussex",9
8,4,"Kate","Kate Lyon",29,"Star Baker","Salted Bay Caramel Millionaire Shortbreads","Sticky Toffee Apple Caramel Cake","Health and safety inspector","Merseyside",6
8,4,"Liam","Liam Charles",19,"stayed in","Salted Peanut Butter Millionaire Shortbreads","White Layered Ginger Caramel Cake","Student","North London",3
8,4,"Sophie","Sophie Faldo",33,"stayed in","Jaffa Millionaire Shortbreads","Bird's Nest Caramel Cake","Former army officer and trainee stuntwoman","West Molesey, Surrey",4
8,4,"Stacey","Stacey Hart",42,"stayed in","Rum Salted Caramel Millionaire Shortbreads","Chocolate and Coffee Caramel Cake","Former school teacher","Radlett, Hertfordshire",1
8,4,"Steven","Steven Carter-Bailey",34,"stayed in","Orange Macadamia Nut Millionaire Shortbreads","Caramel Crown Cake","Marketer","Watford, Hertfordshire",7
8,4,"Tom","Tom Hetherington",29,"Eliminated","Stem Ginger Caramel Shortbreads","Hummingbird Cake","Architect","Edinburgh",5
8,4,"Yan","Yan Tsou",46,"stayed in","'Lil' Red's Ginger and Nuts' Millionaire Shortbreads","Animals of the Rainforest Caramel Cake","Laboratory research scientist","North London",8
8,5,"James","James Hillery",46,"Eliminated","Orange and Ginger Steamed School Pudding","'The Missed Silver Jubilee' Trifle Terrine","Banker","Brentwood, Essex",7
8,5,"Julia","Julia Chernogorova",21,"stayed in","Orange & Treacle Steamed School Pudding","'Opulent Ornament' Trifle Terrine","Aviation Broker","Crawley, West Sussex",3
8,5,"Kate","Kate Lyon",29,"stayed in","'Mr Darcy's Steamy Lake Scene' Steamed School Pudding","'My Great Great Nan's' Raspberry Trifle Terrine","Health and safety inspector","Merseyside",8
8,5,"Liam","Liam Charles",19,"stayed in","Cherries & Lemons that are 'Baked Well'","'Cheers Lads' Trifle Terrine","Student","North London",2
8,5,"Sophie","Sophie Faldo",33,"Star Baker","Ginger, Fig and Honey Steamed School Pudding","Raspberry, Yuzu & White Chocolate Bûche Trifle Terrine","Former army officer and trainee stuntwoman","West Molesey, Surrey",1
8,5,"Stacey","Stacey Hart",42,"stayed in","Bakewell Tart Steamed School Pudding","Tropical Trifle Terrine","Former school teacher","Radlett, Hertfordshire",4
8,5,"Steven","Steven Carter-Bailey",34,"stayed in","Lemon & Blackcurrant Drizzle Steamed School Pudding","'From Across the Jelly Pond' Trifle Terrine","Marketer","Watford, Hertfordshire",5
8,5,"Yan","Yan Tsou",46,"stayed in","Mango Fruit Hat Steamed School Pudding","'Heart of a Hero' Trifle Terrine","Laboratory research scientist","North London",6
8,6,"Julia","Julia Chernogorova",21,"Eliminated","'Pies from the Tree' Decorative Pies","'Special Occasion' Pie","Aviation Broker","Crawley, West Sussex",7
8,6,"Kate","Kate Lyon",29,"stayed in","'Vegetarian Pie Faces' Decorative Pies","Potato Curry Pie with Mango & Chilli Glaze","Health and safety inspector","Merseyside",5
8,6,"Liam","Liam Charles",19,"Star Baker","'Standard FC' Decorative Pies","'Nan's Sunday Dinner' Pie","Student","North London",4
8,6,"Sophie","Sophie Faldo",33,"stayed in","'The Four Seasons' Decorative Pies","Game Pie with Glazed Forest Fruits","Former army officer and trainee stuntwoman","West Molesey, Surrey",2
8,6,"Stacey","Stacey Hart",42,"stayed in","'Love Theme' Decorative Pies","Indian Hand Raised Pie with Mango","Former school teacher","Radlett, Hertfordshire",6
8,6,"Steven","Steven Carter-Bailey",34,"stayed in","'Fleetwood Mac' Decorative Pies","Christmas Pie","Marketer","Watford, Hertfordshire",3
8,6,"Yan","Yan Tsou",46,"stayed in","'πr2' Decorative Pies","Chequerboard Pie","Laboratory research scientist","North London",1
8,7,"Kate","Kate Lyon",29,"stayed in","'Happy Hour' Cocktail Cannoli","'Flavour Fusion' Sfogliatelle","Health and safety inspector","Merseyside",6
8,7,"Liam","Liam Charles",19,"stayed in","'Just Doing Me' Cannoli","'Morning Delivery' Sfogliatelle","Student","North London",2
8,7,"Sophie","Sophie Faldo",33,"stayed in","'Classics with a Twist' Cannoli","'Classics' Sfogliatelle","Former army officer and trainee stuntwoman","West Molesey, Surrey",3
8,7,"Stacey","Stacey Hart",42,"stayed in","My All Time Favourite Desserts","Pastry Surprise","Former school teacher","Radlett, Hertfordshire",4
8,7,"Steven","Steven Carter-Bailey",34,"Star Baker","Italian Style Cannoli","'Sicilian-style' Sfogliatelle","Marketer","Watford, Hertfordshire",1
8,7,"Yan","Yan Tsou",46,"Eliminated","Cannoli Cocktails","Canadian-Style Sfogliatelle","Laboratory research scientist","North London",5
8,8,"Kate","Kate Lyon",29,"stayed in","Burrito Bedfordshire Clangers","'Liver Building Turret' Savoy Cake","Health and safety inspector","Merseyside",2
8,8,"Liam","Liam Charles",19,"Eliminated","'Take Out' Bedfordshire Clangers","'Fort Wizardore' Savoy Cake","Student","North London",5
8,8,"Sophie","Sophie Faldo",33,"stayed in","Char Siu & Banana Praline Bedfordshire Clangers","Citrus with Green Apple Croquembouche Savoy Cake","Former army officer and trainee stuntwoman","West Molesey, Surrey",4
8,8,"Stacey","Stacey Hart",42,"Star Baker","Camembert & Onion and Apple & Blueberry Bedfordshire Clangers","'Bright' Lemon & Orange Savoy Cake","Former school teacher","Radlett, Hertfordshire",3
8,8,"Steven","Steven Carter-Bailey",34,"stayed in","'Mediterranean Medley' Bedfordshire Clangers","Chestnut Rum Savoy Cake","Marketer","Watford, Hertfordshire",1
8,9,"Kate","Kate Lyon",29,"stayed in","Bellini and Valencian Orange Choux Buns","'Rainbow' Meringue Centrepiece","Health and safety inspector","Merseyside",4
8,9,"Sophie","Sophie Faldo",33,"Star Baker","Strawberry & Rhubarb and Chestnut & Vanilla Choux Buns","'Tutu with Opera Filling' Meringue Centrepiece","Former army officer and trainee stuntwoman","West Molesey, Surrey",1
8,9,"Stacey","Stacey Hart",42,"Eliminated","'Choux-nicorn and Choux-moji' Choux Buns","'Flamingos in Love' Meringue Centrepiece","Former school teacher","Radlett, Hertfordshire",2
8,9,"Steven","Steven Carter-Bailey",34,"stayed in","Key Lime Cheesecake and Bakewell Tart Choux Buns","'Some Air Over the Rainbow' Meringue Centrepiece","Marketer","Watford, Hertfordshire",3
8,10,"Kate","Kate Lyon",29,"Series Runner up","Roman Spelt, Coconut Kala Chana and Flower Breads","White Chocolate, Yuzu and Lychee Entremet","Health and safety inspector","Merseyside",3
8,10,"Sophie","Sophie Faldo",33,"Series Winner","Spelt Boules, Mushroom Ciabatta and Orange Plaited Brioche","'Ode to the Honey Bee' Entremet","Former army officer and trainee stuntwoman","West Molesey, Surrey",2
8,10,"Steven","Steven Carter-Bailey",34,"Series Runner up","Spelt & Rye, Toasted Garlic & Fontina and Sweet Chocolate Breads","'Yin Yang' Entremet","Marketer","Watford, Hertfordshire",1
5,5,"Diana",NA,NA,"withdrew",NA,NA,NA,NA,NA
5,6,"Diana",NA,NA,"stayed in",NA,NA,NA,NA,NA
5,7,"Diana",NA,NA,"stayed in",NA,NA,NA,NA,NA
5,8,"Diana",NA,NA,"stayed in",NA,NA,NA,NA,NA
5,9,"Diana",NA,NA,"stayed in",NA,NA,NA,NA,NA
5,10,"Diana",NA,NA,"stayed in",NA,NA,NA,NA,NA
9,1,"Antony",NA,NA,"stayed in",NA,NA,NA,NA,12
9,1,"Briony",NA,NA,"stayed in",NA,NA,NA,NA,2
9,1,"Dan",NA,NA,"stayed in",NA,NA,NA,NA,4
9,1,"Jon",NA,NA,"stayed in",NA,NA,NA,NA,5
9,1,"Karen",NA,NA,"stayed in",NA,NA,NA,NA,6
9,1,"Kim-Joy",NA,NA,"stayed in",NA,NA,NA,NA,10
9,1,"Luke",NA,NA,"stayed in",NA,NA,NA,NA,8
9,1,"Rahul",NA,NA,"stayed in",NA,NA,NA,NA,7
9,1,"Ruby",NA,NA,"stayed in",NA,NA,NA,NA,1
9,1,"Terry",NA,NA,"stayed in",NA,NA,NA,NA,9
9,1,"Imelda",NA,NA,"Eliminated",NA,NA,NA,NA,11
9,1,"Manon",NA,NA,"Star Baker",NA,NA,NA,NA,3
9,2,"Antony",NA,NA,"stayed in",NA,NA,NA,NA,9
9,2,"Briony",NA,NA,"stayed in",NA,NA,NA,NA,5
9,2,"Dan",NA,NA,"stayed in",NA,NA,NA,NA,3
9,2,"Jon",NA,NA,"stayed in",NA,NA,NA,NA,1
9,2,"Karen",NA,NA,"stayed in",NA,NA,NA,NA,11
9,2,"Kim-Joy",NA,NA,"stayed in",NA,NA,NA,NA,4
9,2,"Manon",NA,NA,"stayed in",NA,NA,NA,NA,6
9,2,"Ruby",NA,NA,"stayed in",NA,NA,NA,NA,10
9,2,"Terry",NA,NA,"stayed in",NA,NA,NA,NA,8
9,2,"Luke",NA,NA,"Eliminated",NA,NA,NA,NA,7
9,2,"Rahul",NA,NA,"Star Baker",NA,NA,NA,NA,2
9,3,"Briony",NA,NA,"stayed in",NA,NA,NA,NA,9
9,3,"Dan",NA,NA,"stayed in",NA,NA,NA,NA,6
9,3,"Jon",NA,NA,"stayed in",NA,NA,NA,NA,2
9,3,"Karen",NA,NA,"stayed in",NA,NA,NA,NA,5
9,3,"Kim-Joy",NA,NA,"stayed in",NA,NA,NA,NA,10
9,3,"Manon",NA,NA,"stayed in",NA,NA,NA,NA,3
9,3,"Ruby",NA,NA,"stayed in",NA,NA,NA,NA,7
9,3,"Terry",NA,NA,"stayed in",NA,NA,NA,NA,1
9,3,"Antony",NA,NA,"Eliminated",NA,NA,NA,NA,8
9,3,"Rahul",NA,NA,"Star Baker",NA,NA,NA,NA,4
9,4,"Terry",NA,NA,NA,NA,NA,NA,NA,NA
9,4,"Briony",NA,NA,"stayed in",NA,NA,NA,NA,5
9,4,"Jon",NA,NA,"stayed in",NA,NA,NA,NA,3
9,4,"Karen",NA,NA,"stayed in",NA,NA,NA,NA,7
9,4,"Kim-Joy",NA,NA,"stayed in",NA,NA,NA,NA,6
9,4,"Manon",NA,NA,"stayed in",NA,NA,NA,NA,8
9,4,"Rahul",NA,NA,"stayed in",NA,NA,NA,NA,4
9,4,"Ruby",NA,NA,"stayed in",NA,NA,NA,NA,2
9,4,"Dan",NA,NA,"Star Baker",NA,NA,NA,NA,1
9,5,"Briony",NA,NA,"stayed in",NA,NA,NA,NA,6
9,5,"Dan",NA,NA,"stayed in",NA,NA,NA,NA,2
9,5,"Jon",NA,NA,"stayed in",NA,NA,NA,NA,7
9,5,"Manon",NA,NA,"stayed in",NA,NA,NA,NA,5
9,5,"Rahul",NA,NA,"stayed in",NA,NA,NA,NA,3
9,5,"Ruby",NA,NA,"stayed in",NA,NA,NA,NA,1
9,5,"Karen",NA,NA,"Eliminated",NA,NA,NA,NA,9
9,5,"Terry",NA,NA,"Eliminated",NA,NA,NA,NA,8
9,5,"Kim-Joy",NA,NA,"Star Baker",NA,NA,NA,NA,4
9,6,"Jon",NA,NA,"stayed in",NA,NA,NA,NA,2
9,6,"Kim-Joy",NA,NA,"stayed in",NA,NA,NA,NA,5
9,6,"Manon",NA,NA,"stayed in",NA,NA,NA,NA,4
9,6,"Rahul",NA,NA,"stayed in",NA,NA,NA,NA,3
9,6,"Ruby",NA,NA,"stayed in",NA,NA,NA,NA,7
9,6,"Dan",NA,NA,"Eliminated",NA,NA,NA,NA,6
9,6,"Briony",NA,NA,"Star Baker",NA,NA,NA,NA,1
9,7,"Briony",NA,NA,"stayed in",NA,NA,NA,NA,5
9,7,"Manon",NA,NA,"stayed in",NA,NA,NA,NA,2
9,7,"Rahul",NA,NA,"stayed in",NA,NA,NA,NA,1
9,7,"Ruby",NA,NA,"stayed in",NA,NA,NA,NA,3
9,7,"Jon",NA,NA,"Eliminated",NA,NA,NA,NA,4
9,7,"Kim-Joy",NA,NA,"Star Baker",NA,NA,NA,NA,6
9,8,"Briony",NA,NA,"stayed in",NA,NA,NA,NA,1
9,8,"Kim-Joy",NA,NA,"stayed in",NA,NA,NA,NA,2
9,8,"Rahul",NA,NA,"stayed in",NA,NA,NA,NA,5
9,8,"Manon",NA,NA,"Eliminated",NA,NA,NA,NA,4
9,8,"Ruby",NA,NA,"Star Baker",NA,NA,NA,NA,3
9,9,"Kim-Joy",NA,NA,"stayed in",NA,NA,NA,NA,2
9,9,"Rahul",NA,NA,"stayed in",NA,NA,NA,NA,4
9,9,"Briony",NA,NA,"Eliminated",NA,NA,NA,NA,3
9,9,"Ruby",NA,NA,"Star Baker",NA,NA,NA,NA,1
9,10,"Kim-Joy",NA,NA,"Series Runner up",NA,NA,NA,NA,1
9,10,"Ruby",NA,NA,"Series Runner up",NA,NA,NA,NA,3
9,10,"Rahul",NA,NA,"Series Winner",NA,NA,NA,NA,2
10,1,"Alice",NA,NA,"stayed in",NA,NA,NA,NA,5
10,1,"Amelia",NA,NA,"stayed in",NA,NA,NA,NA,4
10,1,"David",NA,NA,"stayed in",NA,NA,NA,NA,10
10,1,"Helena",NA,NA,"stayed in",NA,NA,NA,NA,12
10,1,"Henry",NA,NA,"stayed in",NA,NA,NA,NA,1
10,1,"Jamie",NA,NA,"stayed in",NA,NA,NA,NA,13
10,1,"Michael",NA,NA,"stayed in",NA,NA,NA,NA,11
10,1,"Phil",NA,NA,"stayed in",NA,NA,NA,NA,8
10,1,"Priya",NA,NA,"stayed in",NA,NA,NA,NA,7
10,1,"Rosie",NA,NA,"stayed in",NA,NA,NA,NA,2
10,1,"Steph",NA,NA,"stayed in",NA,NA,NA,NA,3
10,1,"Dan",NA,NA,"Eliminated",NA,NA,NA,NA,9
10,1,"Michelle",NA,NA,"Star Baker",NA,NA,NA,NA,6
10,2,"Amelia",NA,NA,"stayed in",NA,NA,NA,NA,9
10,2,"David",NA,NA,"stayed in",NA,NA,NA,NA,2
10,2,"Helena",NA,NA,"stayed in",NA,NA,NA,NA,12
10,2,"Henry",NA,NA,"stayed in",NA,NA,NA,NA,6
10,2,"Michael",NA,NA,"stayed in",NA,NA,NA,NA,4
10,2,"Michelle",NA,NA,"stayed in",NA,NA,NA,NA,8
10,2,"Phil",NA,NA,"stayed in",NA,NA,NA,NA,3
10,2,"Priya",NA,NA,"stayed in",NA,NA,NA,NA,7
10,2,"Rosie",NA,NA,"stayed in",NA,NA,NA,NA,5
10,2,"Steph",NA,NA,"stayed in",NA,NA,NA,NA,10
10,2,"Jamie",NA,NA,"Eliminated",NA,NA,NA,NA,11
10,2,"Alice",NA,NA,"Star Baker",NA,NA,NA,NA,1
10,3,"Alice",NA,NA,"stayed in",NA,NA,NA,NA,7
10,3,"David",NA,NA,"stayed in",NA,NA,NA,NA,2
10,3,"Helena",NA,NA,"stayed in",NA,NA,NA,NA,8
10,3,"Henry",NA,NA,"stayed in",NA,NA,NA,NA,1
10,3,"Michelle",NA,NA,"stayed in",NA,NA,NA,NA,5
10,3,"Phil",NA,NA,"stayed in",NA,NA,NA,NA,10
10,3,"Priya",NA,NA,"stayed in",NA,NA,NA,NA,4
10,3,"Rosie",NA,NA,"stayed in",NA,NA,NA,NA,9
10,3,"Steph",NA,NA,"stayed in",NA,NA,NA,NA,3
10,3,"Amelia",NA,NA,"Eliminated",NA,NA,NA,NA,11
10,3,"Michael",NA,NA,"Star Baker",NA,NA,NA,NA,6
10,4,"Alice",NA,NA,"stayed in",NA,NA,NA,NA,8
10,4,"David",NA,NA,"stayed in",NA,NA,NA,NA,2
10,4,"Helena",NA,NA,"stayed in",NA,NA,NA,NA,9
10,4,"Henry",NA,NA,"stayed in",NA,NA,NA,NA,3
10,4,"Michael",NA,NA,"stayed in",NA,NA,NA,NA,7
10,4,"Michelle",NA,NA,"stayed in",NA,NA,NA,NA,5
10,4,"Priya",NA,NA,"stayed in",NA,NA,NA,NA,10
10,4,"Rosie",NA,NA,"stayed in",NA,NA,NA,NA,4
10,4,"Phil",NA,NA,"Eliminated",NA,NA,NA,NA,6
10,4,"Steph",NA,NA,"Star Baker",NA,NA,NA,NA,1
10,5,"Alice",NA,NA,"stayed in",NA,NA,NA,NA,6
10,5,"David",NA,NA,"stayed in",NA,NA,NA,NA,9
10,5,"Henry",NA,NA,"stayed in",NA,NA,NA,NA,3
10,5,"Michael",NA,NA,"stayed in",NA,NA,NA,NA,8
10,5,"Priya",NA,NA,"stayed in",NA,NA,NA,NA,2
10,5,"Rosie",NA,NA,"stayed in",NA,NA,NA,NA,5
10,5,"Helena",NA,NA,"Eliminated",NA,NA,NA,NA,1
10,5,"Michelle",NA,NA,"Eliminated",NA,NA,NA,NA,7
10,5,"Steph",NA,NA,"Star Baker",NA,NA,NA,NA,4
10,6,"Alice",NA,NA,"stayed in",NA,NA,NA,NA,1
10,6,"David",NA,NA,"stayed in",NA,NA,NA,NA,2
10,6,"Henry",NA,NA,"stayed in",NA,NA,NA,NA,4
10,6,"Michael",NA,NA,"stayed in",NA,NA,NA,NA,6
10,6,"Rosie",NA,NA,"stayed in",NA,NA,NA,NA,5
10,6,"Priya",NA,NA,"Eliminated",NA,NA,NA,NA,7
10,6,"Steph",NA,NA,"Star Baker",NA,NA,NA,NA,3
10,7,"Alice",NA,NA,"stayed in",NA,NA,NA,NA,6
10,7,"David",NA,NA,"stayed in",NA,NA,NA,NA,2
10,7,"Rosie",NA,NA,"stayed in",NA,NA,NA,NA,1
10,7,"Steph",NA,NA,"stayed in",NA,NA,NA,NA,4
10,7,"Michael",NA,NA,"Eliminated",NA,NA,NA,NA,5
10,7,"Henry",NA,NA,"Star Baker",NA,NA,NA,NA,3
10,8,"Alice",NA,NA,"stayed in",NA,NA,NA,NA,3
10,8,"David",NA,NA,"stayed in",NA,NA,NA,NA,1
10,8,"Rosie",NA,NA,"stayed in",NA,NA,NA,NA,2
10,8,"Henry",NA,NA,"Eliminated",NA,NA,NA,NA,5
10,8,"Steph",NA,NA,"Star Baker",NA,NA,NA,NA,4
10,9,"David",NA,NA,"stayed in",NA,NA,NA,NA,2
10,9,"Steph",NA,NA,"stayed in",NA,NA,NA,NA,3
10,9,"Rosie",NA,NA,"Eliminated",NA,NA,NA,NA,1
10,9,"Alice",NA,NA,"Star Baker",NA,NA,NA,NA,4
10,10,"Alice",NA,NA,"Series Runner up",NA,NA,NA,NA,2
10,10,"Steph",NA,NA,"Series Runner up",NA,NA,NA,NA,3
10,10,"David",NA,NA,"Series Winner",NA,NA,NA,NA,1
